part_number,line_number,qty
114S9179-6,100,1
114S9179-6,101,4
114S9179-6,102,4
114S9179-6,103,4
114S9179-6,104,2
114S9179-6,105,4
114S9179-6,106,3
114S9179-6,107,4
114S9179-6,108,5
114S9179-6,109,5
114S9179-6,110,4
114S9179-6,111,4
114S9179-6,112,5
114S9179-6,113,1
114S9179-6,114,4
114S9179-6,115,2
114S9179-6,116,5
114S9179-6,117,4
114S9179-6,118,3
114S9179-6,119,5
114S9179-6,120,1
114S9179-6,121,5
114S9179-6,122,3
114S9179-6,123,2
114S9179-6,124,3
114S9179-6,125,4
114S9179-6,126,4
114S9179-6,127,1
114S9179-6,128,3
114S9179-6,129,3
114S9179-6,130,2
116M6911-8,100,1
116M6911-8,101,5
116M6911-8,102,2
116M6911-8,103,5
116M6911-8,104,5
116M6911-8,105,4
116M6911-8,106,4
116M6911-8,107,3
116M6911-8,108,1
116M6911-8,109,5
116M6911-8,110,1
116M6911-8,111,3
116M6911-8,112,3
116M6911-8,113,1
116M6911-8,114,1
116M6911-8,115,2
116M6911-8,116,1
116M6911-8,117,3
116M6911-8,118,3
116M6911-8,119,5
116M6911-8,120,2
116M6911-8,121,4
116M6911-8,122,2
116M6911-8,123,3
116M6911-8,124,5
116M6911-8,125,2
116M6911-8,126,4
116M6911-8,127,1
116M6911-8,128,5
116M6911-8,129,4
116M6911-8,130,3
121Q9526-15,100,4
121Q9526-15,101,5
121Q9526-15,102,3
121Q9526-15,103,3
121Q9526-15,104,5
121Q9526-15,105,2
121Q9526-15,106,2
121Q9526-15,107,3
121Q9526-15,108,4
121Q9526-15,109,1
121Q9526-15,110,5
121Q9526-15,111,3
121Q9526-15,112,4
121Q9526-15,113,2
121Q9526-15,114,3
121Q9526-15,115,1
121Q9526-15,116,2
121Q9526-15,117,5
121Q9526-15,118,2
121Q9526-15,119,2
121Q9526-15,120,2
121Q9526-15,121,4
121Q9526-15,122,5
121Q9526-15,123,3
121Q9526-15,124,2
121Q9526-15,125,1
121Q9526-15,126,4
121Q9526-15,127,2
121Q9526-15,128,4
121Q9526-15,129,1
121Q9526-15,130,5
122M5342-11,100,2
122M5342-11,101,5
122M5342-11,102,2
122M5342-11,103,3
122M5342-11,104,2
122M5342-11,105,4
122M5342-11,106,1
122M5342-11,107,3
122M5342-11,108,5
122M5342-11,109,2
122M5342-11,110,2
122M5342-11,111,3
122M5342-11,112,1
122M5342-11,113,4
122M5342-11,114,1
122M5342-11,115,5
122M5342-11,116,5
122M5342-11,117,3
122M5342-11,118,3
122M5342-11,119,3
122M5342-11,120,1
122M5342-11,121,2
122M5342-11,122,5
122M5342-11,123,2
122M5342-11,124,2
122M5342-11,125,2
122M5342-11,126,4
122M5342-11,127,5
122M5342-11,128,5
122M5342-11,129,1
122M5342-11,130,4
132M8365-10,100,5
132M8365-10,101,5
132M8365-10,102,2
132M8365-10,103,3
132M8365-10,104,5
132M8365-10,105,3
132M8365-10,106,5
132M8365-10,107,1
132M8365-10,108,2
132M8365-10,109,4
132M8365-10,110,4
132M8365-10,111,3
132M8365-10,112,5
132M8365-10,113,1
132M8365-10,114,4
132M8365-10,115,1
132M8365-10,116,2
132M8365-10,117,1
132M8365-10,118,1
132M8365-10,119,5
132M8365-10,120,3
132M8365-10,121,1
132M8365-10,122,1
132M8365-10,123,4
132M8365-10,124,4
132M8365-10,125,4
132M8365-10,126,2
132M8365-10,127,5
132M8365-10,128,2
132M8365-10,129,4
132M8365-10,130,3
135R8735-3,100,5
135R8735-3,101,1
135R8735-3,102,3
135R8735-3,103,2
135R8735-3,104,1
135R8735-3,105,5
135R8735-3,106,4
135R8735-3,107,4
135R8735-3,108,4
135R8735-3,109,1
135R8735-3,110,4
135R8735-3,111,5
135R8735-3,112,3
135R8735-3,113,2
135R8735-3,114,5
135R8735-3,115,1
135R8735-3,116,5
135R8735-3,117,3
135R8735-3,118,2
135R8735-3,119,1
135R8735-3,120,4
135R8735-3,121,5
135R8735-3,122,5
135R8735-3,123,5
135R8735-3,124,4
135R8735-3,125,5
135R8735-3,126,2
135R8735-3,127,4
135R8735-3,128,2
135R8735-3,129,3
135R8735-3,130,3
144Z8255-13,100,3
144Z8255-13,101,1
144Z8255-13,102,4
144Z8255-13,103,1
144Z8255-13,104,2
144Z8255-13,105,1
144Z8255-13,106,2
144Z8255-13,107,5
144Z8255-13,108,3
144Z8255-13,109,1
144Z8255-13,110,4
144Z8255-13,111,5
144Z8255-13,112,4
144Z8255-13,113,5
144Z8255-13,114,2
144Z8255-13,115,4
144Z8255-13,116,4
144Z8255-13,117,2
144Z8255-13,118,5
144Z8255-13,119,2
144Z8255-13,120,1
144Z8255-13,121,5
144Z8255-13,122,3
144Z8255-13,123,2
144Z8255-13,124,2
144Z8255-13,125,2
144Z8255-13,126,5
144Z8255-13,127,1
144Z8255-13,128,2
144Z8255-13,129,5
144Z8255-13,130,3
153J5926-2,100,3
153J5926-2,101,1
153J5926-2,102,3
153J5926-2,103,5
153J5926-2,104,3
153J5926-2,105,1
153J5926-2,106,5
153J5926-2,107,4
153J5926-2,108,1
153J5926-2,109,2
153J5926-2,110,4
153J5926-2,111,1
153J5926-2,112,4
153J5926-2,113,3
153J5926-2,114,1
153J5926-2,115,3
153J5926-2,116,5
153J5926-2,117,5
153J5926-2,118,1
153J5926-2,119,4
153J5926-2,120,4
153J5926-2,121,1
153J5926-2,122,2
153J5926-2,123,3
153J5926-2,124,2
153J5926-2,125,4
153J5926-2,126,1
153J5926-2,127,2
153J5926-2,128,5
153J5926-2,129,3
153J5926-2,130,5
162C5141-11,100,3
162C5141-11,101,3
162C5141-11,102,3
162C5141-11,103,2
162C5141-11,104,4
162C5141-11,105,1
162C5141-11,106,5
162C5141-11,107,1
162C5141-11,108,2
162C5141-11,109,3
162C5141-11,110,2
162C5141-11,111,5
162C5141-11,112,3
162C5141-11,113,2
162C5141-11,114,5
162C5141-11,115,4
162C5141-11,116,4
162C5141-11,117,2
162C5141-11,118,3
162C5141-11,119,5
162C5141-11,120,1
162C5141-11,121,3
162C5141-11,122,2
162C5141-11,123,4
162C5141-11,124,5
162C5141-11,125,3
162C5141-11,126,3
162C5141-11,127,2
162C5141-11,128,1
162C5141-11,129,4
162C5141-11,130,3
163J1212-10,100,2
163J1212-10,101,4
163J1212-10,102,5
163J1212-10,103,4
163J1212-10,104,2
163J1212-10,105,3
163J1212-10,106,3
163J1212-10,107,1
163J1212-10,108,4
163J1212-10,109,3
163J1212-10,110,2
163J1212-10,111,3
163J1212-10,112,1
163J1212-10,113,2
163J1212-10,114,4
163J1212-10,115,2
163J1212-10,116,5
163J1212-10,117,2
163J1212-10,118,2
163J1212-10,119,1
163J1212-10,120,2
163J1212-10,121,3
163J1212-10,122,5
163J1212-10,123,2
163J1212-10,124,3
163J1212-10,125,2
163J1212-10,126,5
163J1212-10,127,5
163J1212-10,128,4
163J1212-10,129,1
163J1212-10,130,3
166T8236-9,100,1
166T8236-9,101,5
166T8236-9,102,5
166T8236-9,103,3
166T8236-9,104,1
166T8236-9,105,4
166T8236-9,106,2
166T8236-9,107,3
166T8236-9,108,4
166T8236-9,109,4
166T8236-9,110,2
166T8236-9,111,3
166T8236-9,112,2
166T8236-9,113,1
166T8236-9,114,3
166T8236-9,115,1
166T8236-9,116,1
166T8236-9,117,1
166T8236-9,118,4
166T8236-9,119,1
166T8236-9,120,3
166T8236-9,121,4
166T8236-9,122,2
166T8236-9,123,4
166T8236-9,124,1
166T8236-9,125,1
166T8236-9,126,1
166T8236-9,127,2
166T8236-9,128,4
166T8236-9,129,5
166T8236-9,130,4
176T8694-9,100,2
176T8694-9,101,3
176T8694-9,102,4
176T8694-9,103,1
176T8694-9,104,4
176T8694-9,105,3
176T8694-9,106,1
176T8694-9,107,4
176T8694-9,108,1
176T8694-9,109,5
176T8694-9,110,2
176T8694-9,111,1
176T8694-9,112,1
176T8694-9,113,5
176T8694-9,114,1
176T8694-9,115,2
176T8694-9,116,1
176T8694-9,117,4
176T8694-9,118,1
176T8694-9,119,5
176T8694-9,120,1
176T8694-9,121,4
176T8694-9,122,5
176T8694-9,123,2
176T8694-9,124,1
176T8694-9,125,4
176T8694-9,126,2
176T8694-9,127,5
176T8694-9,128,3
176T8694-9,129,3
176T8694-9,130,5
179C5462-2,100,3
179C5462-2,101,3
179C5462-2,102,2
179C5462-2,103,5
179C5462-2,104,1
179C5462-2,105,1
179C5462-2,106,2
179C5462-2,107,1
179C5462-2,108,4
179C5462-2,109,4
179C5462-2,110,1
179C5462-2,111,4
179C5462-2,112,4
179C5462-2,113,3
179C5462-2,114,1
179C5462-2,115,4
179C5462-2,116,1
179C5462-2,117,3
179C5462-2,118,3
179C5462-2,119,5
179C5462-2,120,4
179C5462-2,121,1
179C5462-2,122,3
179C5462-2,123,2
179C5462-2,124,2
179C5462-2,125,4
179C5462-2,126,1
179C5462-2,127,4
179C5462-2,128,1
179C5462-2,129,4
179C5462-2,130,2
181S1675-13,100,2
181S1675-13,101,3
181S1675-13,102,2
181S1675-13,103,5
181S1675-13,104,3
181S1675-13,105,2
181S1675-13,106,2
181S1675-13,107,5
181S1675-13,108,3
181S1675-13,109,5
181S1675-13,110,2
181S1675-13,111,4
181S1675-13,112,4
181S1675-13,113,4
181S1675-13,114,5
181S1675-13,115,2
181S1675-13,116,2
181S1675-13,117,1
181S1675-13,118,3
181S1675-13,119,4
181S1675-13,120,5
181S1675-13,121,5
181S1675-13,122,2
181S1675-13,123,2
181S1675-13,124,2
181S1675-13,125,2
181S1675-13,126,2
181S1675-13,127,3
181S1675-13,128,3
181S1675-13,129,1
181S1675-13,130,1
182A6552-5,100,3
182A6552-5,101,1
182A6552-5,102,1
182A6552-5,103,4
182A6552-5,104,1
182A6552-5,105,3
182A6552-5,106,3
182A6552-5,107,2
182A6552-5,108,2
182A6552-5,109,1
182A6552-5,110,1
182A6552-5,111,4
182A6552-5,112,1
182A6552-5,113,5
182A6552-5,114,1
182A6552-5,115,2
182A6552-5,116,2
182A6552-5,117,5
182A6552-5,118,2
182A6552-5,119,1
182A6552-5,120,3
182A6552-5,121,5
182A6552-5,122,1
182A6552-5,123,3
182A6552-5,124,5
182A6552-5,125,1
182A6552-5,126,4
182A6552-5,127,1
182A6552-5,128,5
182A6552-5,129,1
182A6552-5,130,5
185B5181-13,100,4
185B5181-13,101,3
185B5181-13,102,5
185B5181-13,103,3
185B5181-13,104,4
185B5181-13,105,3
185B5181-13,106,3
185B5181-13,107,2
185B5181-13,108,5
185B5181-13,109,2
185B5181-13,110,3
185B5181-13,111,5
185B5181-13,112,1
185B5181-13,113,1
185B5181-13,114,5
185B5181-13,115,1
185B5181-13,116,4
185B5181-13,117,2
185B5181-13,118,3
185B5181-13,119,3
185B5181-13,120,3
185B5181-13,121,3
185B5181-13,122,1
185B5181-13,123,3
185B5181-13,124,1
185B5181-13,125,2
185B5181-13,126,4
185B5181-13,127,3
185B5181-13,128,5
185B5181-13,129,5
185B5181-13,130,2
185T7932-4,100,1
185T7932-4,101,5
185T7932-4,102,5
185T7932-4,103,1
185T7932-4,104,2
185T7932-4,105,4
185T7932-4,106,4
185T7932-4,107,4
185T7932-4,108,4
185T7932-4,109,3
185T7932-4,110,2
185T7932-4,111,5
185T7932-4,112,5
185T7932-4,113,3
185T7932-4,114,2
185T7932-4,115,4
185T7932-4,116,2
185T7932-4,117,3
185T7932-4,118,3
185T7932-4,119,3
185T7932-4,120,5
185T7932-4,121,1
185T7932-4,122,2
185T7932-4,123,3
185T7932-4,124,3
185T7932-4,125,4
185T7932-4,126,4
185T7932-4,127,5
185T7932-4,128,1
185T7932-4,129,5
185T7932-4,130,5
189N9388-7,100,1
189N9388-7,101,5
189N9388-7,102,5
189N9388-7,103,3
189N9388-7,104,1
189N9388-7,105,3
189N9388-7,106,2
189N9388-7,107,1
189N9388-7,108,4
189N9388-7,109,1
189N9388-7,110,5
189N9388-7,111,1
189N9388-7,112,2
189N9388-7,113,5
189N9388-7,114,2
189N9388-7,115,5
189N9388-7,116,4
189N9388-7,117,5
189N9388-7,118,5
189N9388-7,119,5
189N9388-7,120,4
189N9388-7,121,4
189N9388-7,122,1
189N9388-7,123,2
189N9388-7,124,4
189N9388-7,125,5
189N9388-7,126,4
189N9388-7,127,1
189N9388-7,128,3
189N9388-7,129,5
189N9388-7,130,2
199U1247-10,100,5
199U1247-10,101,5
199U1247-10,102,5
199U1247-10,103,2
199U1247-10,104,4
199U1247-10,105,3
199U1247-10,106,4
199U1247-10,107,1
199U1247-10,108,3
199U1247-10,109,3
199U1247-10,110,1
199U1247-10,111,1
199U1247-10,112,3
199U1247-10,113,5
199U1247-10,114,4
199U1247-10,115,4
199U1247-10,116,5
199U1247-10,117,5
199U1247-10,118,5
199U1247-10,119,1
199U1247-10,120,5
199U1247-10,121,4
199U1247-10,122,5
199U1247-10,123,1
199U1247-10,124,1
199U1247-10,125,2
199U1247-10,126,2
199U1247-10,127,3
199U1247-10,128,5
199U1247-10,129,3
199U1247-10,130,5
216Q3345-1,100,5
216Q3345-1,101,2
216Q3345-1,102,2
216Q3345-1,103,5
216Q3345-1,104,1
216Q3345-1,105,1
216Q3345-1,106,3
216Q3345-1,107,5
216Q3345-1,108,5
216Q3345-1,109,2
216Q3345-1,110,5
216Q3345-1,111,5
216Q3345-1,112,3
216Q3345-1,113,1
216Q3345-1,114,4
216Q3345-1,115,2
216Q3345-1,116,2
216Q3345-1,117,3
216Q3345-1,118,5
216Q3345-1,119,4
216Q3345-1,120,2
216Q3345-1,121,4
216Q3345-1,122,5
216Q3345-1,123,4
216Q3345-1,124,1
216Q3345-1,125,5
216Q3345-1,126,3
216Q3345-1,127,3
216Q3345-1,128,2
216Q3345-1,129,4
216Q3345-1,130,5
222V5856-7,100,1
222V5856-7,101,2
222V5856-7,102,5
222V5856-7,103,4
222V5856-7,104,4
222V5856-7,105,5
222V5856-7,106,2
222V5856-7,107,3
222V5856-7,108,1
222V5856-7,109,4
222V5856-7,110,2
222V5856-7,111,1
222V5856-7,112,5
222V5856-7,113,4
222V5856-7,114,2
222V5856-7,115,5
222V5856-7,116,2
222V5856-7,117,3
222V5856-7,118,5
222V5856-7,119,5
222V5856-7,120,4
222V5856-7,121,3
222V5856-7,122,3
222V5856-7,123,3
222V5856-7,124,4
222V5856-7,125,1
222V5856-7,126,5
222V5856-7,127,5
222V5856-7,128,1
222V5856-7,129,4
222V5856-7,130,2
226G3627-6,100,5
226G3627-6,101,2
226G3627-6,102,4
226G3627-6,103,3
226G3627-6,104,1
226G3627-6,105,3
226G3627-6,106,4
226G3627-6,107,1
226G3627-6,108,5
226G3627-6,109,2
226G3627-6,110,1
226G3627-6,111,3
226G3627-6,112,3
226G3627-6,113,1
226G3627-6,114,1
226G3627-6,115,5
226G3627-6,116,1
226G3627-6,117,5
226G3627-6,118,3
226G3627-6,119,2
226G3627-6,120,4
226G3627-6,121,5
226G3627-6,122,2
226G3627-6,123,4
226G3627-6,124,1
226G3627-6,125,3
226G3627-6,126,3
226G3627-6,127,4
226G3627-6,128,1
226G3627-6,129,1
226G3627-6,130,4
226X9242-12,100,3
226X9242-12,101,3
226X9242-12,102,2
226X9242-12,103,4
226X9242-12,104,4
226X9242-12,105,5
226X9242-12,106,3
226X9242-12,107,1
226X9242-12,108,2
226X9242-12,109,3
226X9242-12,110,4
226X9242-12,111,4
226X9242-12,112,4
226X9242-12,113,2
226X9242-12,114,5
226X9242-12,115,3
226X9242-12,116,4
226X9242-12,117,1
226X9242-12,118,3
226X9242-12,119,2
226X9242-12,120,4
226X9242-12,121,3
226X9242-12,122,5
226X9242-12,123,3
226X9242-12,124,1
226X9242-12,125,3
226X9242-12,126,3
226X9242-12,127,5
226X9242-12,128,3
226X9242-12,129,5
226X9242-12,130,3
229G5919-15,100,4
229G5919-15,101,1
229G5919-15,102,5
229G5919-15,103,4
229G5919-15,104,1
229G5919-15,105,5
229G5919-15,106,2
229G5919-15,107,2
229G5919-15,108,4
229G5919-15,109,3
229G5919-15,110,4
229G5919-15,111,2
229G5919-15,112,1
229G5919-15,113,5
229G5919-15,114,2
229G5919-15,115,3
229G5919-15,116,2
229G5919-15,117,4
229G5919-15,118,1
229G5919-15,119,2
229G5919-15,120,1
229G5919-15,121,3
229G5919-15,122,4
229G5919-15,123,3
229G5919-15,124,1
229G5919-15,125,2
229G5919-15,126,1
229G5919-15,127,3
229G5919-15,128,5
229G5919-15,129,2
229G5919-15,130,5
239L5882-5,100,4
239L5882-5,101,1
239L5882-5,102,5
239L5882-5,103,1
239L5882-5,104,2
239L5882-5,105,4
239L5882-5,106,4
239L5882-5,107,3
239L5882-5,108,3
239L5882-5,109,5
239L5882-5,110,2
239L5882-5,111,5
239L5882-5,112,4
239L5882-5,113,1
239L5882-5,114,3
239L5882-5,115,5
239L5882-5,116,1
239L5882-5,117,3
239L5882-5,118,3
239L5882-5,119,5
239L5882-5,120,2
239L5882-5,121,5
239L5882-5,122,5
239L5882-5,123,5
239L5882-5,124,4
239L5882-5,125,3
239L5882-5,126,4
239L5882-5,127,5
239L5882-5,128,1
239L5882-5,129,5
239L5882-5,130,5
241S2199-9,100,2
241S2199-9,101,1
241S2199-9,102,3
241S2199-9,103,1
241S2199-9,104,4
241S2199-9,105,2
241S2199-9,106,1
241S2199-9,107,2
241S2199-9,108,5
241S2199-9,109,2
241S2199-9,110,3
241S2199-9,111,1
241S2199-9,112,4
241S2199-9,113,2
241S2199-9,114,5
241S2199-9,115,1
241S2199-9,116,3
241S2199-9,117,3
241S2199-9,118,3
241S2199-9,119,4
241S2199-9,120,4
241S2199-9,121,3
241S2199-9,122,2
241S2199-9,123,4
241S2199-9,124,3
241S2199-9,125,5
241S2199-9,126,5
241S2199-9,127,1
241S2199-9,128,5
241S2199-9,129,3
241S2199-9,130,4
246U6989-1,100,2
246U6989-1,101,4
246U6989-1,102,1
246U6989-1,103,2
246U6989-1,104,3
246U6989-1,105,1
246U6989-1,106,4
246U6989-1,107,1
246U6989-1,108,5
246U6989-1,109,3
246U6989-1,110,1
246U6989-1,111,3
246U6989-1,112,2
246U6989-1,113,5
246U6989-1,114,1
246U6989-1,115,5
246U6989-1,116,4
246U6989-1,117,4
246U6989-1,118,4
246U6989-1,119,4
246U6989-1,120,3
246U6989-1,121,3
246U6989-1,122,4
246U6989-1,123,4
246U6989-1,124,4
246U6989-1,125,3
246U6989-1,126,2
246U6989-1,127,5
246U6989-1,128,3
246U6989-1,129,1
246U6989-1,130,3
252N1237-12,100,4
252N1237-12,101,1
252N1237-12,102,5
252N1237-12,103,3
252N1237-12,104,3
252N1237-12,105,2
252N1237-12,106,3
252N1237-12,107,4
252N1237-12,108,3
252N1237-12,109,2
252N1237-12,110,2
252N1237-12,111,3
252N1237-12,112,3
252N1237-12,113,2
252N1237-12,114,5
252N1237-12,115,5
252N1237-12,116,3
252N1237-12,117,1
252N1237-12,118,1
252N1237-12,119,3
252N1237-12,120,4
252N1237-12,121,4
252N1237-12,122,1
252N1237-12,123,5
252N1237-12,124,4
252N1237-12,125,5
252N1237-12,126,1
252N1237-12,127,4
252N1237-12,128,3
252N1237-12,129,2
252N1237-12,130,2
255E1134-1,100,2
255E1134-1,101,3
255E1134-1,102,2
255E1134-1,103,2
255E1134-1,104,5
255E1134-1,105,3
255E1134-1,106,4
255E1134-1,107,1
255E1134-1,108,5
255E1134-1,109,1
255E1134-1,110,4
255E1134-1,111,5
255E1134-1,112,3
255E1134-1,113,2
255E1134-1,114,1
255E1134-1,115,1
255E1134-1,116,4
255E1134-1,117,5
255E1134-1,118,5
255E1134-1,119,2
255E1134-1,120,5
255E1134-1,121,1
255E1134-1,122,1
255E1134-1,123,5
255E1134-1,124,4
255E1134-1,125,3
255E1134-1,126,1
255E1134-1,127,3
255E1134-1,128,2
255E1134-1,129,3
255E1134-1,130,5
258C4267-13,100,5
258C4267-13,101,1
258C4267-13,102,3
258C4267-13,103,2
258C4267-13,104,1
258C4267-13,105,5
258C4267-13,106,2
258C4267-13,107,1
258C4267-13,108,3
258C4267-13,109,4
258C4267-13,110,1
258C4267-13,111,3
258C4267-13,112,4
258C4267-13,113,5
258C4267-13,114,4
258C4267-13,115,1
258C4267-13,116,5
258C4267-13,117,1
258C4267-13,118,5
258C4267-13,119,3
258C4267-13,120,2
258C4267-13,121,3
258C4267-13,122,3
258C4267-13,123,3
258C4267-13,124,4
258C4267-13,125,3
258C4267-13,126,3
258C4267-13,127,4
258C4267-13,128,1
258C4267-13,129,1
258C4267-13,130,1
259M3486-9,100,4
259M3486-9,101,4
259M3486-9,102,1
259M3486-9,103,1
259M3486-9,104,5
259M3486-9,105,4
259M3486-9,106,3
259M3486-9,107,5
259M3486-9,108,2
259M3486-9,109,5
259M3486-9,110,1
259M3486-9,111,3
259M3486-9,112,2
259M3486-9,113,3
259M3486-9,114,4
259M3486-9,115,5
259M3486-9,116,1
259M3486-9,117,4
259M3486-9,118,2
259M3486-9,119,1
259M3486-9,120,3
259M3486-9,121,2
259M3486-9,122,4
259M3486-9,123,1
259M3486-9,124,2
259M3486-9,125,2
259M3486-9,126,4
259M3486-9,127,4
259M3486-9,128,3
259M3486-9,129,1
259M3486-9,130,5
262A7581-5,100,4
262A7581-5,101,5
262A7581-5,102,3
262A7581-5,103,2
262A7581-5,104,5
262A7581-5,105,5
262A7581-5,106,2
262A7581-5,107,1
262A7581-5,108,3
262A7581-5,109,4
262A7581-5,110,1
262A7581-5,111,3
262A7581-5,112,5
262A7581-5,113,4
262A7581-5,114,1
262A7581-5,115,1
262A7581-5,116,2
262A7581-5,117,5
262A7581-5,118,5
262A7581-5,119,1
262A7581-5,120,2
262A7581-5,121,4
262A7581-5,122,1
262A7581-5,123,2
262A7581-5,124,1
262A7581-5,125,2
262A7581-5,126,4
262A7581-5,127,5
262A7581-5,128,3
262A7581-5,129,1
262A7581-5,130,4
265N2772-3,100,3
265N2772-3,101,2
265N2772-3,102,4
265N2772-3,103,3
265N2772-3,104,1
265N2772-3,105,4
265N2772-3,106,1
265N2772-3,107,3
265N2772-3,108,3
265N2772-3,109,5
265N2772-3,110,4
265N2772-3,111,5
265N2772-3,112,4
265N2772-3,113,4
265N2772-3,114,4
265N2772-3,115,1
265N2772-3,116,3
265N2772-3,117,4
265N2772-3,118,4
265N2772-3,119,3
265N2772-3,120,2
265N2772-3,121,5
265N2772-3,122,1
265N2772-3,123,5
265N2772-3,124,5
265N2772-3,125,4
265N2772-3,126,4
265N2772-3,127,2
265N2772-3,128,3
265N2772-3,129,2
265N2772-3,130,5
267Z2243-15,100,3
267Z2243-15,101,2
267Z2243-15,102,5
267Z2243-15,103,4
267Z2243-15,104,1
267Z2243-15,105,2
267Z2243-15,106,5
267Z2243-15,107,5
267Z2243-15,108,4
267Z2243-15,109,2
267Z2243-15,110,2
267Z2243-15,111,4
267Z2243-15,112,4
267Z2243-15,113,5
267Z2243-15,114,4
267Z2243-15,115,1
267Z2243-15,116,2
267Z2243-15,117,3
267Z2243-15,118,4
267Z2243-15,119,5
267Z2243-15,120,1
267Z2243-15,121,3
267Z2243-15,122,5
267Z2243-15,123,1
267Z2243-15,124,3
267Z2243-15,125,5
267Z2243-15,126,2
267Z2243-15,127,3
267Z2243-15,128,3
267Z2243-15,129,3
267Z2243-15,130,2
274O6232-12,100,4
274O6232-12,101,2
274O6232-12,102,3
274O6232-12,103,2
274O6232-12,104,4
274O6232-12,105,5
274O6232-12,106,5
274O6232-12,107,2
274O6232-12,108,5
274O6232-12,109,2
274O6232-12,110,3
274O6232-12,111,1
274O6232-12,112,1
274O6232-12,113,2
274O6232-12,114,2
274O6232-12,115,4
274O6232-12,116,5
274O6232-12,117,1
274O6232-12,118,2
274O6232-12,119,5
274O6232-12,120,4
274O6232-12,121,2
274O6232-12,122,1
274O6232-12,123,1
274O6232-12,124,2
274O6232-12,125,4
274O6232-12,126,5
274O6232-12,127,2
274O6232-12,128,2
274O6232-12,129,4
274O6232-12,130,4
279I2674-5,100,3
279I2674-5,101,3
279I2674-5,102,2
279I2674-5,103,3
279I2674-5,104,1
279I2674-5,105,4
279I2674-5,106,3
279I2674-5,107,3
279I2674-5,108,5
279I2674-5,109,2
279I2674-5,110,1
279I2674-5,111,4
279I2674-5,112,5
279I2674-5,113,4
279I2674-5,114,4
279I2674-5,115,5
279I2674-5,116,1
279I2674-5,117,3
279I2674-5,118,2
279I2674-5,119,4
279I2674-5,120,5
279I2674-5,121,1
279I2674-5,122,3
279I2674-5,123,5
279I2674-5,124,1
279I2674-5,125,4
279I2674-5,126,3
279I2674-5,127,3
279I2674-5,128,1
279I2674-5,129,5
279I2674-5,130,2
282Q8188-13,100,2
282Q8188-13,101,5
282Q8188-13,102,1
282Q8188-13,103,2
282Q8188-13,104,4
282Q8188-13,105,4
282Q8188-13,106,3
282Q8188-13,107,4
282Q8188-13,108,1
282Q8188-13,109,4
282Q8188-13,110,5
282Q8188-13,111,3
282Q8188-13,112,5
282Q8188-13,113,3
282Q8188-13,114,5
282Q8188-13,115,4
282Q8188-13,116,2
282Q8188-13,117,5
282Q8188-13,118,4
282Q8188-13,119,4
282Q8188-13,120,4
282Q8188-13,121,3
282Q8188-13,122,2
282Q8188-13,123,1
282Q8188-13,124,4
282Q8188-13,125,1
282Q8188-13,126,3
282Q8188-13,127,2
282Q8188-13,128,3
282Q8188-13,129,3
282Q8188-13,130,1
283W8519-9,100,2
283W8519-9,101,3
283W8519-9,102,1
283W8519-9,103,3
283W8519-9,104,4
283W8519-9,105,3
283W8519-9,106,2
283W8519-9,107,3
283W8519-9,108,2
283W8519-9,109,5
283W8519-9,110,2
283W8519-9,111,1
283W8519-9,112,5
283W8519-9,113,1
283W8519-9,114,3
283W8519-9,115,4
283W8519-9,116,1
283W8519-9,117,1
283W8519-9,118,4
283W8519-9,119,4
283W8519-9,120,3
283W8519-9,121,1
283W8519-9,122,4
283W8519-9,123,4
283W8519-9,124,5
283W8519-9,125,1
283W8519-9,126,4
283W8519-9,127,5
283W8519-9,128,5
283W8519-9,129,4
283W8519-9,130,5
294I5759-12,100,3
294I5759-12,101,3
294I5759-12,102,2
294I5759-12,103,4
294I5759-12,104,5
294I5759-12,105,1
294I5759-12,106,1
294I5759-12,107,5
294I5759-12,108,5
294I5759-12,109,1
294I5759-12,110,3
294I5759-12,111,5
294I5759-12,112,1
294I5759-12,113,4
294I5759-12,114,2
294I5759-12,115,4
294I5759-12,116,5
294I5759-12,117,2
294I5759-12,118,3
294I5759-12,119,2
294I5759-12,120,1
294I5759-12,121,4
294I5759-12,122,5
294I5759-12,123,4
294I5759-12,124,3
294I5759-12,125,2
294I5759-12,126,5
294I5759-12,127,2
294I5759-12,128,4
294I5759-12,129,4
294I5759-12,130,2
326Q1574-15,100,3
326Q1574-15,101,3
326Q1574-15,102,5
326Q1574-15,103,3
326Q1574-15,104,1
326Q1574-15,105,2
326Q1574-15,106,3
326Q1574-15,107,3
326Q1574-15,108,1
326Q1574-15,109,5
326Q1574-15,110,1
326Q1574-15,111,4
326Q1574-15,112,4
326Q1574-15,113,3
326Q1574-15,114,1
326Q1574-15,115,1
326Q1574-15,116,4
326Q1574-15,117,2
326Q1574-15,118,3
326Q1574-15,119,5
326Q1574-15,120,2
326Q1574-15,121,1
326Q1574-15,122,5
326Q1574-15,123,5
326Q1574-15,124,3
326Q1574-15,125,5
326Q1574-15,126,2
326Q1574-15,127,3
326Q1574-15,128,5
326Q1574-15,129,4
326Q1574-15,130,4
327V2479-7,100,4
327V2479-7,101,2
327V2479-7,102,1
327V2479-7,103,1
327V2479-7,104,4
327V2479-7,105,5
327V2479-7,106,4
327V2479-7,107,5
327V2479-7,108,3
327V2479-7,109,2
327V2479-7,110,2
327V2479-7,111,1
327V2479-7,112,2
327V2479-7,113,5
327V2479-7,114,5
327V2479-7,115,5
327V2479-7,116,3
327V2479-7,117,1
327V2479-7,118,3
327V2479-7,119,4
327V2479-7,120,3
327V2479-7,121,2
327V2479-7,122,1
327V2479-7,123,2
327V2479-7,124,4
327V2479-7,125,3
327V2479-7,126,3
327V2479-7,127,5
327V2479-7,128,2
327V2479-7,129,1
327V2479-7,130,4
337R9264-9,100,3
337R9264-9,101,3
337R9264-9,102,5
337R9264-9,103,1
337R9264-9,104,2
337R9264-9,105,3
337R9264-9,106,2
337R9264-9,107,5
337R9264-9,108,5
337R9264-9,109,2
337R9264-9,110,1
337R9264-9,111,4
337R9264-9,112,3
337R9264-9,113,1
337R9264-9,114,1
337R9264-9,115,5
337R9264-9,116,1
337R9264-9,117,1
337R9264-9,118,4
337R9264-9,119,1
337R9264-9,120,1
337R9264-9,121,5
337R9264-9,122,2
337R9264-9,123,5
337R9264-9,124,3
337R9264-9,125,2
337R9264-9,126,4
337R9264-9,127,3
337R9264-9,128,1
337R9264-9,129,3
337R9264-9,130,1
338U8935-10,100,4
338U8935-10,101,3
338U8935-10,102,4
338U8935-10,103,5
338U8935-10,104,4
338U8935-10,105,2
338U8935-10,106,3
338U8935-10,107,2
338U8935-10,108,4
338U8935-10,109,2
338U8935-10,110,2
338U8935-10,111,5
338U8935-10,112,3
338U8935-10,113,2
338U8935-10,114,5
338U8935-10,115,2
338U8935-10,116,4
338U8935-10,117,4
338U8935-10,118,5
338U8935-10,119,1
338U8935-10,120,5
338U8935-10,121,3
338U8935-10,122,4
338U8935-10,123,3
338U8935-10,124,4
338U8935-10,125,5
338U8935-10,126,2
338U8935-10,127,4
338U8935-10,128,2
338U8935-10,129,3
338U8935-10,130,2
351Y3735-11,100,3
351Y3735-11,101,2
351Y3735-11,102,4
351Y3735-11,103,1
351Y3735-11,104,1
351Y3735-11,105,2
351Y3735-11,106,3
351Y3735-11,107,5
351Y3735-11,108,4
351Y3735-11,109,1
351Y3735-11,110,2
351Y3735-11,111,1
351Y3735-11,112,5
351Y3735-11,113,3
351Y3735-11,114,4
351Y3735-11,115,5
351Y3735-11,116,3
351Y3735-11,117,5
351Y3735-11,118,3
351Y3735-11,119,2
351Y3735-11,120,2
351Y3735-11,121,2
351Y3735-11,122,2
351Y3735-11,123,1
351Y3735-11,124,1
351Y3735-11,125,4
351Y3735-11,126,2
351Y3735-11,127,1
351Y3735-11,128,5
351Y3735-11,129,3
351Y3735-11,130,4
354Z3347-4,100,5
354Z3347-4,101,5
354Z3347-4,102,2
354Z3347-4,103,1
354Z3347-4,104,3
354Z3347-4,105,2
354Z3347-4,106,5
354Z3347-4,107,5
354Z3347-4,108,3
354Z3347-4,109,4
354Z3347-4,110,3
354Z3347-4,111,1
354Z3347-4,112,5
354Z3347-4,113,4
354Z3347-4,114,2
354Z3347-4,115,5
354Z3347-4,116,5
354Z3347-4,117,2
354Z3347-4,118,1
354Z3347-4,119,3
354Z3347-4,120,5
354Z3347-4,121,4
354Z3347-4,122,5
354Z3347-4,123,3
354Z3347-4,124,1
354Z3347-4,125,3
354Z3347-4,126,4
354Z3347-4,127,5
354Z3347-4,128,2
354Z3347-4,129,3
354Z3347-4,130,5
356E3846-8,100,5
356E3846-8,101,4
356E3846-8,102,5
356E3846-8,103,2
356E3846-8,104,4
356E3846-8,105,1
356E3846-8,106,1
356E3846-8,107,5
356E3846-8,108,5
356E3846-8,109,4
356E3846-8,110,1
356E3846-8,111,2
356E3846-8,112,4
356E3846-8,113,3
356E3846-8,114,4
356E3846-8,115,3
356E3846-8,116,3
356E3846-8,117,5
356E3846-8,118,3
356E3846-8,119,1
356E3846-8,120,2
356E3846-8,121,5
356E3846-8,122,2
356E3846-8,123,1
356E3846-8,124,2
356E3846-8,125,4
356E3846-8,126,1
356E3846-8,127,3
356E3846-8,128,1
356E3846-8,129,5
356E3846-8,130,2
361E1522-13,100,4
361E1522-13,101,2
361E1522-13,102,5
361E1522-13,103,2
361E1522-13,104,3
361E1522-13,105,2
361E1522-13,106,4
361E1522-13,107,4
361E1522-13,108,3
361E1522-13,109,2
361E1522-13,110,5
361E1522-13,111,1
361E1522-13,112,4
361E1522-13,113,3
361E1522-13,114,1
361E1522-13,115,1
361E1522-13,116,5
361E1522-13,117,3
361E1522-13,118,4
361E1522-13,119,2
361E1522-13,120,4
361E1522-13,121,2
361E1522-13,122,2
361E1522-13,123,1
361E1522-13,124,3
361E1522-13,125,3
361E1522-13,126,2
361E1522-13,127,3
361E1522-13,128,3
361E1522-13,129,1
361E1522-13,130,3
363G3854-7,100,4
363G3854-7,101,3
363G3854-7,102,5
363G3854-7,103,3
363G3854-7,104,1
363G3854-7,105,1
363G3854-7,106,2
363G3854-7,107,5
363G3854-7,108,2
363G3854-7,109,3
363G3854-7,110,1
363G3854-7,111,4
363G3854-7,112,3
363G3854-7,113,5
363G3854-7,114,2
363G3854-7,115,1
363G3854-7,116,3
363G3854-7,117,4
363G3854-7,118,1
363G3854-7,119,4
363G3854-7,120,4
363G3854-7,121,3
363G3854-7,122,2
363G3854-7,123,5
363G3854-7,124,5
363G3854-7,125,4
363G3854-7,126,4
363G3854-7,127,5
363G3854-7,128,2
363G3854-7,129,4
363G3854-7,130,5
365Y9637-13,100,2
365Y9637-13,101,5
365Y9637-13,102,3
365Y9637-13,103,2
365Y9637-13,104,5
365Y9637-13,105,2
365Y9637-13,106,5
365Y9637-13,107,5
365Y9637-13,108,1
365Y9637-13,109,2
365Y9637-13,110,1
365Y9637-13,111,4
365Y9637-13,112,1
365Y9637-13,113,5
365Y9637-13,114,3
365Y9637-13,115,4
365Y9637-13,116,3
365Y9637-13,117,2
365Y9637-13,118,5
365Y9637-13,119,3
365Y9637-13,120,5
365Y9637-13,121,2
365Y9637-13,122,4
365Y9637-13,123,5
365Y9637-13,124,3
365Y9637-13,125,2
365Y9637-13,126,3
365Y9637-13,127,4
365Y9637-13,128,1
365Y9637-13,129,1
365Y9637-13,130,3
377M8698-9,100,4
377M8698-9,101,3
377M8698-9,102,5
377M8698-9,103,2
377M8698-9,104,3
377M8698-9,105,5
377M8698-9,106,3
377M8698-9,107,5
377M8698-9,108,1
377M8698-9,109,3
377M8698-9,110,1
377M8698-9,111,2
377M8698-9,112,2
377M8698-9,113,5
377M8698-9,114,1
377M8698-9,115,2
377M8698-9,116,2
377M8698-9,117,2
377M8698-9,118,4
377M8698-9,119,4
377M8698-9,120,2
377M8698-9,121,5
377M8698-9,122,4
377M8698-9,123,1
377M8698-9,124,2
377M8698-9,125,3
377M8698-9,126,5
377M8698-9,127,4
377M8698-9,128,4
377M8698-9,129,5
377M8698-9,130,1
384P7393-9,100,5
384P7393-9,101,1
384P7393-9,102,1
384P7393-9,103,5
384P7393-9,104,3
384P7393-9,105,2
384P7393-9,106,1
384P7393-9,107,5
384P7393-9,108,1
384P7393-9,109,5
384P7393-9,110,3
384P7393-9,111,1
384P7393-9,112,2
384P7393-9,113,1
384P7393-9,114,3
384P7393-9,115,4
384P7393-9,116,4
384P7393-9,117,2
384P7393-9,118,5
384P7393-9,119,3
384P7393-9,120,4
384P7393-9,121,4
384P7393-9,122,2
384P7393-9,123,1
384P7393-9,124,4
384P7393-9,125,2
384P7393-9,126,5
384P7393-9,127,5
384P7393-9,128,2
384P7393-9,129,1
384P7393-9,130,2
386A5732-5,100,5
386A5732-5,101,5
386A5732-5,102,2
386A5732-5,103,2
386A5732-5,104,3
386A5732-5,105,4
386A5732-5,106,5
386A5732-5,107,3
386A5732-5,108,1
386A5732-5,109,3
386A5732-5,110,1
386A5732-5,111,5
386A5732-5,112,1
386A5732-5,113,3
386A5732-5,114,1
386A5732-5,115,4
386A5732-5,116,4
386A5732-5,117,4
386A5732-5,118,5
386A5732-5,119,4
386A5732-5,120,1
386A5732-5,121,3
386A5732-5,122,1
386A5732-5,123,1
386A5732-5,124,1
386A5732-5,125,3
386A5732-5,126,5
386A5732-5,127,5
386A5732-5,128,1
386A5732-5,129,5
386A5732-5,130,2
386C3888-7,100,1
386C3888-7,101,4
386C3888-7,102,1
386C3888-7,103,4
386C3888-7,104,4
386C3888-7,105,2
386C3888-7,106,3
386C3888-7,107,1
386C3888-7,108,3
386C3888-7,109,5
386C3888-7,110,3
386C3888-7,111,3
386C3888-7,112,3
386C3888-7,113,2
386C3888-7,114,2
386C3888-7,115,1
386C3888-7,116,1
386C3888-7,117,4
386C3888-7,118,5
386C3888-7,119,2
386C3888-7,120,4
386C3888-7,121,4
386C3888-7,122,2
386C3888-7,123,1
386C3888-7,124,3
386C3888-7,125,3
386C3888-7,126,2
386C3888-7,127,4
386C3888-7,128,2
386C3888-7,129,2
386C3888-7,130,2
391U9645-3,100,1
391U9645-3,101,4
391U9645-3,102,2
391U9645-3,103,5
391U9645-3,104,5
391U9645-3,105,5
391U9645-3,106,5
391U9645-3,107,2
391U9645-3,108,1
391U9645-3,109,1
391U9645-3,110,4
391U9645-3,111,2
391U9645-3,112,4
391U9645-3,113,3
391U9645-3,114,5
391U9645-3,115,5
391U9645-3,116,4
391U9645-3,117,1
391U9645-3,118,2
391U9645-3,119,5
391U9645-3,120,4
391U9645-3,121,4
391U9645-3,122,2
391U9645-3,123,1
391U9645-3,124,5
391U9645-3,125,2
391U9645-3,126,5
391U9645-3,127,5
391U9645-3,128,3
391U9645-3,129,1
391U9645-3,130,4
394F3934-6,100,5
394F3934-6,101,5
394F3934-6,102,2
394F3934-6,103,4
394F3934-6,104,5
394F3934-6,105,3
394F3934-6,106,5
394F3934-6,107,4
394F3934-6,108,2
394F3934-6,109,3
394F3934-6,110,3
394F3934-6,111,3
394F3934-6,112,4
394F3934-6,113,2
394F3934-6,114,2
394F3934-6,115,4
394F3934-6,116,4
394F3934-6,117,1
394F3934-6,118,3
394F3934-6,119,5
394F3934-6,120,5
394F3934-6,121,3
394F3934-6,122,1
394F3934-6,123,3
394F3934-6,124,2
394F3934-6,125,3
394F3934-6,126,3
394F3934-6,127,3
394F3934-6,128,4
394F3934-6,129,1
394F3934-6,130,1
417P6488-6,100,5
417P6488-6,101,4
417P6488-6,102,3
417P6488-6,103,2
417P6488-6,104,3
417P6488-6,105,3
417P6488-6,106,4
417P6488-6,107,5
417P6488-6,108,3
417P6488-6,109,3
417P6488-6,110,5
417P6488-6,111,1
417P6488-6,112,4
417P6488-6,113,3
417P6488-6,114,5
417P6488-6,115,2
417P6488-6,116,4
417P6488-6,117,5
417P6488-6,118,3
417P6488-6,119,1
417P6488-6,120,4
417P6488-6,121,4
417P6488-6,122,2
417P6488-6,123,4
417P6488-6,124,5
417P6488-6,125,5
417P6488-6,126,4
417P6488-6,127,2
417P6488-6,128,2
417P6488-6,129,3
417P6488-6,130,3
421G3395-3,100,2
421G3395-3,101,5
421G3395-3,102,5
421G3395-3,103,4
421G3395-3,104,2
421G3395-3,105,2
421G3395-3,106,3
421G3395-3,107,4
421G3395-3,108,5
421G3395-3,109,4
421G3395-3,110,2
421G3395-3,111,5
421G3395-3,112,5
421G3395-3,113,1
421G3395-3,114,2
421G3395-3,115,5
421G3395-3,116,2
421G3395-3,117,1
421G3395-3,118,1
421G3395-3,119,4
421G3395-3,120,1
421G3395-3,121,4
421G3395-3,122,3
421G3395-3,123,5
421G3395-3,124,3
421G3395-3,125,4
421G3395-3,126,4
421G3395-3,127,1
421G3395-3,128,4
421G3395-3,129,4
421G3395-3,130,5
426H1265-9,100,1
426H1265-9,101,3
426H1265-9,102,1
426H1265-9,103,3
426H1265-9,104,4
426H1265-9,105,2
426H1265-9,106,3
426H1265-9,107,5
426H1265-9,108,5
426H1265-9,109,2
426H1265-9,110,3
426H1265-9,111,2
426H1265-9,112,3
426H1265-9,113,4
426H1265-9,114,4
426H1265-9,115,4
426H1265-9,116,4
426H1265-9,117,5
426H1265-9,118,5
426H1265-9,119,5
426H1265-9,120,5
426H1265-9,121,5
426H1265-9,122,2
426H1265-9,123,1
426H1265-9,124,4
426H1265-9,125,5
426H1265-9,126,5
426H1265-9,127,2
426H1265-9,128,2
426H1265-9,129,3
426H1265-9,130,4
433X5545-12,100,2
433X5545-12,101,1
433X5545-12,102,2
433X5545-12,103,4
433X5545-12,104,3
433X5545-12,105,4
433X5545-12,106,4
433X5545-12,107,4
433X5545-12,108,5
433X5545-12,109,4
433X5545-12,110,5
433X5545-12,111,3
433X5545-12,112,4
433X5545-12,113,4
433X5545-12,114,4
433X5545-12,115,2
433X5545-12,116,4
433X5545-12,117,2
433X5545-12,118,1
433X5545-12,119,5
433X5545-12,120,4
433X5545-12,121,4
433X5545-12,122,1
433X5545-12,123,2
433X5545-12,124,2
433X5545-12,125,2
433X5545-12,126,2
433X5545-12,127,1
433X5545-12,128,5
433X5545-12,129,1
433X5545-12,130,1
444I4815-14,100,3
444I4815-14,101,1
444I4815-14,102,5
444I4815-14,103,4
444I4815-14,104,2
444I4815-14,105,4
444I4815-14,106,4
444I4815-14,107,5
444I4815-14,108,1
444I4815-14,109,2
444I4815-14,110,5
444I4815-14,111,3
444I4815-14,112,1
444I4815-14,113,4
444I4815-14,114,4
444I4815-14,115,2
444I4815-14,116,3
444I4815-14,117,2
444I4815-14,118,2
444I4815-14,119,4
444I4815-14,120,5
444I4815-14,121,2
444I4815-14,122,4
444I4815-14,123,4
444I4815-14,124,3
444I4815-14,125,4
444I4815-14,126,4
444I4815-14,127,2
444I4815-14,128,2
444I4815-14,129,2
444I4815-14,130,1
462P6685-3,100,2
462P6685-3,101,2
462P6685-3,102,3
462P6685-3,103,1
462P6685-3,104,2
462P6685-3,105,2
462P6685-3,106,4
462P6685-3,107,1
462P6685-3,108,4
462P6685-3,109,5
462P6685-3,110,5
462P6685-3,111,3
462P6685-3,112,4
462P6685-3,113,4
462P6685-3,114,1
462P6685-3,115,3
462P6685-3,116,2
462P6685-3,117,2
462P6685-3,118,2
462P6685-3,119,4
462P6685-3,120,5
462P6685-3,121,4
462P6685-3,122,3
462P6685-3,123,3
462P6685-3,124,4
462P6685-3,125,2
462P6685-3,126,1
462P6685-3,127,4
462P6685-3,128,1
462P6685-3,129,5
462P6685-3,130,4
469C3148-1,100,2
469C3148-1,101,1
469C3148-1,102,4
469C3148-1,103,5
469C3148-1,104,1
469C3148-1,105,5
469C3148-1,106,3
469C3148-1,107,1
469C3148-1,108,3
469C3148-1,109,2
469C3148-1,110,1
469C3148-1,111,1
469C3148-1,112,2
469C3148-1,113,2
469C3148-1,114,2
469C3148-1,115,2
469C3148-1,116,4
469C3148-1,117,2
469C3148-1,118,5
469C3148-1,119,4
469C3148-1,120,2
469C3148-1,121,4
469C3148-1,122,3
469C3148-1,123,5
469C3148-1,124,3
469C3148-1,125,5
469C3148-1,126,3
469C3148-1,127,2
469C3148-1,128,2
469C3148-1,129,2
469C3148-1,130,2
471W7873-7,100,5
471W7873-7,101,2
471W7873-7,102,4
471W7873-7,103,4
471W7873-7,104,3
471W7873-7,105,5
471W7873-7,106,4
471W7873-7,107,1
471W7873-7,108,5
471W7873-7,109,2
471W7873-7,110,1
471W7873-7,111,3
471W7873-7,112,3
471W7873-7,113,1
471W7873-7,114,3
471W7873-7,115,3
471W7873-7,116,1
471W7873-7,117,1
471W7873-7,118,1
471W7873-7,119,2
471W7873-7,120,5
471W7873-7,121,3
471W7873-7,122,3
471W7873-7,123,4
471W7873-7,124,2
471W7873-7,125,5
471W7873-7,126,2
471W7873-7,127,1
471W7873-7,128,1
471W7873-7,129,2
471W7873-7,130,1
473C7856-12,100,2
473C7856-12,101,2
473C7856-12,102,4
473C7856-12,103,2
473C7856-12,104,5
473C7856-12,105,1
473C7856-12,106,4
473C7856-12,107,1
473C7856-12,108,5
473C7856-12,109,4
473C7856-12,110,1
473C7856-12,111,5
473C7856-12,112,2
473C7856-12,113,4
473C7856-12,114,3
473C7856-12,115,5
473C7856-12,116,1
473C7856-12,117,1
473C7856-12,118,5
473C7856-12,119,1
473C7856-12,120,4
473C7856-12,121,1
473C7856-12,122,4
473C7856-12,123,2
473C7856-12,124,4
473C7856-12,125,2
473C7856-12,126,5
473C7856-12,127,4
473C7856-12,128,1
473C7856-12,129,1
473C7856-12,130,4
487H8855-13,100,2
487H8855-13,101,5
487H8855-13,102,3
487H8855-13,103,3
487H8855-13,104,5
487H8855-13,105,3
487H8855-13,106,4
487H8855-13,107,5
487H8855-13,108,2
487H8855-13,109,3
487H8855-13,110,1
487H8855-13,111,1
487H8855-13,112,5
487H8855-13,113,3
487H8855-13,114,1
487H8855-13,115,4
487H8855-13,116,5
487H8855-13,117,3
487H8855-13,118,3
487H8855-13,119,2
487H8855-13,120,5
487H8855-13,121,5
487H8855-13,122,5
487H8855-13,123,2
487H8855-13,124,5
487H8855-13,125,3
487H8855-13,126,2
487H8855-13,127,2
487H8855-13,128,1
487H8855-13,129,1
487H8855-13,130,4
489A8454-8,100,3
489A8454-8,101,4
489A8454-8,102,4
489A8454-8,103,4
489A8454-8,104,3
489A8454-8,105,3
489A8454-8,106,1
489A8454-8,107,2
489A8454-8,108,2
489A8454-8,109,3
489A8454-8,110,4
489A8454-8,111,3
489A8454-8,112,3
489A8454-8,113,1
489A8454-8,114,5
489A8454-8,115,5
489A8454-8,116,4
489A8454-8,117,3
489A8454-8,118,1
489A8454-8,119,1
489A8454-8,120,2
489A8454-8,121,3
489A8454-8,122,2
489A8454-8,123,2
489A8454-8,124,2
489A8454-8,125,3
489A8454-8,126,1
489A8454-8,127,4
489A8454-8,128,1
489A8454-8,129,4
489A8454-8,130,3
489F4931-2,100,3
489F4931-2,101,2
489F4931-2,102,1
489F4931-2,103,2
489F4931-2,104,4
489F4931-2,105,4
489F4931-2,106,3
489F4931-2,107,4
489F4931-2,108,4
489F4931-2,109,3
489F4931-2,110,4
489F4931-2,111,4
489F4931-2,112,1
489F4931-2,113,3
489F4931-2,114,4
489F4931-2,115,2
489F4931-2,116,2
489F4931-2,117,1
489F4931-2,118,2
489F4931-2,119,5
489F4931-2,120,4
489F4931-2,121,3
489F4931-2,122,3
489F4931-2,123,1
489F4931-2,124,3
489F4931-2,125,1
489F4931-2,126,2
489F4931-2,127,4
489F4931-2,128,3
489F4931-2,129,5
489F4931-2,130,4
493G8487-3,100,5
493G8487-3,101,4
493G8487-3,102,1
493G8487-3,103,1
493G8487-3,104,1
493G8487-3,105,3
493G8487-3,106,2
493G8487-3,107,2
493G8487-3,108,2
493G8487-3,109,5
493G8487-3,110,2
493G8487-3,111,2
493G8487-3,112,2
493G8487-3,113,4
493G8487-3,114,3
493G8487-3,115,5
493G8487-3,116,3
493G8487-3,117,4
493G8487-3,118,1
493G8487-3,119,3
493G8487-3,120,1
493G8487-3,121,2
493G8487-3,122,2
493G8487-3,123,2
493G8487-3,124,4
493G8487-3,125,1
493G8487-3,126,2
493G8487-3,127,1
493G8487-3,128,5
493G8487-3,129,1
493G8487-3,130,4
512F2945-9,100,4
512F2945-9,101,5
512F2945-9,102,4
512F2945-9,103,3
512F2945-9,104,5
512F2945-9,105,4
512F2945-9,106,5
512F2945-9,107,3
512F2945-9,108,5
512F2945-9,109,3
512F2945-9,110,4
512F2945-9,111,1
512F2945-9,112,1
512F2945-9,113,2
512F2945-9,114,5
512F2945-9,115,5
512F2945-9,116,5
512F2945-9,117,2
512F2945-9,118,1
512F2945-9,119,1
512F2945-9,120,2
512F2945-9,121,4
512F2945-9,122,4
512F2945-9,123,3
512F2945-9,124,3
512F2945-9,125,2
512F2945-9,126,4
512F2945-9,127,5
512F2945-9,128,2
512F2945-9,129,4
512F2945-9,130,2
522L1321-14,100,3
522L1321-14,101,1
522L1321-14,102,2
522L1321-14,103,1
522L1321-14,104,3
522L1321-14,105,5
522L1321-14,106,2
522L1321-14,107,1
522L1321-14,108,3
522L1321-14,109,2
522L1321-14,110,3
522L1321-14,111,2
522L1321-14,112,2
522L1321-14,113,5
522L1321-14,114,4
522L1321-14,115,5
522L1321-14,116,5
522L1321-14,117,2
522L1321-14,118,2
522L1321-14,119,4
522L1321-14,120,2
522L1321-14,121,1
522L1321-14,122,4
522L1321-14,123,2
522L1321-14,124,5
522L1321-14,125,5
522L1321-14,126,3
522L1321-14,127,3
522L1321-14,128,1
522L1321-14,129,2
522L1321-14,130,2
524T7563-14,100,4
524T7563-14,101,4
524T7563-14,102,5
524T7563-14,103,3
524T7563-14,104,4
524T7563-14,105,1
524T7563-14,106,4
524T7563-14,107,1
524T7563-14,108,5
524T7563-14,109,1
524T7563-14,110,5
524T7563-14,111,2
524T7563-14,112,4
524T7563-14,113,5
524T7563-14,114,4
524T7563-14,115,5
524T7563-14,116,4
524T7563-14,117,5
524T7563-14,118,1
524T7563-14,119,1
524T7563-14,120,5
524T7563-14,121,3
524T7563-14,122,5
524T7563-14,123,1
524T7563-14,124,5
524T7563-14,125,3
524T7563-14,126,4
524T7563-14,127,2
524T7563-14,128,1
524T7563-14,129,2
524T7563-14,130,1
528O2785-6,100,3
528O2785-6,101,5
528O2785-6,102,1
528O2785-6,103,5
528O2785-6,104,1
528O2785-6,105,3
528O2785-6,106,4
528O2785-6,107,3
528O2785-6,108,1
528O2785-6,109,3
528O2785-6,110,4
528O2785-6,111,3
528O2785-6,112,2
528O2785-6,113,2
528O2785-6,114,5
528O2785-6,115,1
528O2785-6,116,4
528O2785-6,117,3
528O2785-6,118,3
528O2785-6,119,3
528O2785-6,120,2
528O2785-6,121,4
528O2785-6,122,2
528O2785-6,123,3
528O2785-6,124,1
528O2785-6,125,2
528O2785-6,126,2
528O2785-6,127,2
528O2785-6,128,3
528O2785-6,129,4
528O2785-6,130,4
529B3391-11,100,3
529B3391-11,101,3
529B3391-11,102,1
529B3391-11,103,3
529B3391-11,104,3
529B3391-11,105,3
529B3391-11,106,5
529B3391-11,107,4
529B3391-11,108,5
529B3391-11,109,2
529B3391-11,110,1
529B3391-11,111,1
529B3391-11,112,4
529B3391-11,113,5
529B3391-11,114,5
529B3391-11,115,5
529B3391-11,116,1
529B3391-11,117,1
529B3391-11,118,4
529B3391-11,119,4
529B3391-11,120,3
529B3391-11,121,5
529B3391-11,122,2
529B3391-11,123,3
529B3391-11,124,3
529B3391-11,125,4
529B3391-11,126,4
529B3391-11,127,2
529B3391-11,128,3
529B3391-11,129,1
529B3391-11,130,4
529U9831-13,100,3
529U9831-13,101,1
529U9831-13,102,4
529U9831-13,103,2
529U9831-13,104,5
529U9831-13,105,3
529U9831-13,106,5
529U9831-13,107,2
529U9831-13,108,3
529U9831-13,109,4
529U9831-13,110,3
529U9831-13,111,2
529U9831-13,112,1
529U9831-13,113,5
529U9831-13,114,1
529U9831-13,115,4
529U9831-13,116,3
529U9831-13,117,4
529U9831-13,118,2
529U9831-13,119,5
529U9831-13,120,1
529U9831-13,121,2
529U9831-13,122,5
529U9831-13,123,5
529U9831-13,124,1
529U9831-13,125,4
529U9831-13,126,4
529U9831-13,127,4
529U9831-13,128,1
529U9831-13,129,5
529U9831-13,130,1
531J8217-10,100,2
531J8217-10,101,4
531J8217-10,102,4
531J8217-10,103,1
531J8217-10,104,1
531J8217-10,105,1
531J8217-10,106,2
531J8217-10,107,5
531J8217-10,108,1
531J8217-10,109,4
531J8217-10,110,4
531J8217-10,111,5
531J8217-10,112,2
531J8217-10,113,4
531J8217-10,114,5
531J8217-10,115,1
531J8217-10,116,4
531J8217-10,117,2
531J8217-10,118,1
531J8217-10,119,1
531J8217-10,120,3
531J8217-10,121,5
531J8217-10,122,2
531J8217-10,123,5
531J8217-10,124,5
531J8217-10,125,5
531J8217-10,126,3
531J8217-10,127,3
531J8217-10,128,3
531J8217-10,129,3
531J8217-10,130,3
534E2373-12,100,4
534E2373-12,101,2
534E2373-12,102,4
534E2373-12,103,5
534E2373-12,104,4
534E2373-12,105,4
534E2373-12,106,1
534E2373-12,107,4
534E2373-12,108,3
534E2373-12,109,3
534E2373-12,110,2
534E2373-12,111,5
534E2373-12,112,1
534E2373-12,113,2
534E2373-12,114,4
534E2373-12,115,5
534E2373-12,116,4
534E2373-12,117,5
534E2373-12,118,1
534E2373-12,119,1
534E2373-12,120,2
534E2373-12,121,4
534E2373-12,122,2
534E2373-12,123,4
534E2373-12,124,1
534E2373-12,125,4
534E2373-12,126,3
534E2373-12,127,2
534E2373-12,128,3
534E2373-12,129,5
534E2373-12,130,4
539E9349-6,100,4
539E9349-6,101,1
539E9349-6,102,5
539E9349-6,103,4
539E9349-6,104,1
539E9349-6,105,5
539E9349-6,106,5
539E9349-6,107,3
539E9349-6,108,3
539E9349-6,109,4
539E9349-6,110,5
539E9349-6,111,3
539E9349-6,112,1
539E9349-6,113,1
539E9349-6,114,4
539E9349-6,115,3
539E9349-6,116,5
539E9349-6,117,4
539E9349-6,118,1
539E9349-6,119,5
539E9349-6,120,4
539E9349-6,121,3
539E9349-6,122,4
539E9349-6,123,1
539E9349-6,124,3
539E9349-6,125,5
539E9349-6,126,5
539E9349-6,127,4
539E9349-6,128,1
539E9349-6,129,1
539E9349-6,130,2
554F7411-8,100,4
554F7411-8,101,1
554F7411-8,102,3
554F7411-8,103,1
554F7411-8,104,3
554F7411-8,105,3
554F7411-8,106,5
554F7411-8,107,3
554F7411-8,108,1
554F7411-8,109,1
554F7411-8,110,4
554F7411-8,111,2
554F7411-8,112,1
554F7411-8,113,2
554F7411-8,114,2
554F7411-8,115,3
554F7411-8,116,3
554F7411-8,117,3
554F7411-8,118,3
554F7411-8,119,3
554F7411-8,120,1
554F7411-8,121,2
554F7411-8,122,3
554F7411-8,123,1
554F7411-8,124,2
554F7411-8,125,2
554F7411-8,126,4
554F7411-8,127,1
554F7411-8,128,2
554F7411-8,129,5
554F7411-8,130,5
565G7594-14,100,1
565G7594-14,101,1
565G7594-14,102,1
565G7594-14,103,1
565G7594-14,104,3
565G7594-14,105,2
565G7594-14,106,1
565G7594-14,107,2
565G7594-14,108,5
565G7594-14,109,4
565G7594-14,110,4
565G7594-14,111,3
565G7594-14,112,2
565G7594-14,113,2
565G7594-14,114,4
565G7594-14,115,4
565G7594-14,116,5
565G7594-14,117,1
565G7594-14,118,3
565G7594-14,119,1
565G7594-14,120,1
565G7594-14,121,3
565G7594-14,122,4
565G7594-14,123,1
565G7594-14,124,3
565G7594-14,125,4
565G7594-14,126,3
565G7594-14,127,3
565G7594-14,128,5
565G7594-14,129,1
565G7594-14,130,1
572C7948-1,100,4
572C7948-1,101,4
572C7948-1,102,5
572C7948-1,103,1
572C7948-1,104,3
572C7948-1,105,1
572C7948-1,106,1
572C7948-1,107,1
572C7948-1,108,3
572C7948-1,109,1
572C7948-1,110,1
572C7948-1,111,1
572C7948-1,112,2
572C7948-1,113,1
572C7948-1,114,3
572C7948-1,115,2
572C7948-1,116,2
572C7948-1,117,2
572C7948-1,118,5
572C7948-1,119,4
572C7948-1,120,1
572C7948-1,121,1
572C7948-1,122,3
572C7948-1,123,4
572C7948-1,124,2
572C7948-1,125,4
572C7948-1,126,1
572C7948-1,127,3
572C7948-1,128,5
572C7948-1,129,4
572C7948-1,130,3
575M6495-12,100,5
575M6495-12,101,4
575M6495-12,102,3
575M6495-12,103,3
575M6495-12,104,4
575M6495-12,105,5
575M6495-12,106,4
575M6495-12,107,5
575M6495-12,108,3
575M6495-12,109,4
575M6495-12,110,4
575M6495-12,111,1
575M6495-12,112,1
575M6495-12,113,3
575M6495-12,114,2
575M6495-12,115,3
575M6495-12,116,3
575M6495-12,117,2
575M6495-12,118,4
575M6495-12,119,2
575M6495-12,120,4
575M6495-12,121,5
575M6495-12,122,1
575M6495-12,123,5
575M6495-12,124,4
575M6495-12,125,4
575M6495-12,126,1
575M6495-12,127,4
575M6495-12,128,4
575M6495-12,129,1
575M6495-12,130,4
579W5734-8,100,1
579W5734-8,101,4
579W5734-8,102,2
579W5734-8,103,3
579W5734-8,104,1
579W5734-8,105,2
579W5734-8,106,1
579W5734-8,107,2
579W5734-8,108,1
579W5734-8,109,4
579W5734-8,110,5
579W5734-8,111,4
579W5734-8,112,5
579W5734-8,113,2
579W5734-8,114,2
579W5734-8,115,3
579W5734-8,116,3
579W5734-8,117,5
579W5734-8,118,4
579W5734-8,119,2
579W5734-8,120,5
579W5734-8,121,2
579W5734-8,122,2
579W5734-8,123,4
579W5734-8,124,2
579W5734-8,125,5
579W5734-8,126,3
579W5734-8,127,5
579W5734-8,128,5
579W5734-8,129,2
579W5734-8,130,3
581B5917-7,100,2
581B5917-7,101,3
581B5917-7,102,4
581B5917-7,103,3
581B5917-7,104,3
581B5917-7,105,4
581B5917-7,106,4
581B5917-7,107,5
581B5917-7,108,1
581B5917-7,109,5
581B5917-7,110,1
581B5917-7,111,2
581B5917-7,112,5
581B5917-7,113,1
581B5917-7,114,2
581B5917-7,115,4
581B5917-7,116,4
581B5917-7,117,2
581B5917-7,118,5
581B5917-7,119,3
581B5917-7,120,3
581B5917-7,121,5
581B5917-7,122,4
581B5917-7,123,3
581B5917-7,124,5
581B5917-7,125,4
581B5917-7,126,2
581B5917-7,127,2
581B5917-7,128,1
581B5917-7,129,4
581B5917-7,130,2
581Q2939-12,100,3
581Q2939-12,101,1
581Q2939-12,102,1
581Q2939-12,103,2
581Q2939-12,104,1
581Q2939-12,105,4
581Q2939-12,106,4
581Q2939-12,107,4
581Q2939-12,108,4
581Q2939-12,109,5
581Q2939-12,110,2
581Q2939-12,111,3
581Q2939-12,112,3
581Q2939-12,113,3
581Q2939-12,114,4
581Q2939-12,115,1
581Q2939-12,116,4
581Q2939-12,117,2
581Q2939-12,118,4
581Q2939-12,119,3
581Q2939-12,120,4
581Q2939-12,121,3
581Q2939-12,122,2
581Q2939-12,123,1
581Q2939-12,124,2
581Q2939-12,125,4
581Q2939-12,126,1
581Q2939-12,127,2
581Q2939-12,128,2
581Q2939-12,129,3
581Q2939-12,130,5
587S5667-9,100,5
587S5667-9,101,1
587S5667-9,102,3
587S5667-9,103,5
587S5667-9,104,5
587S5667-9,105,1
587S5667-9,106,1
587S5667-9,107,3
587S5667-9,108,2
587S5667-9,109,1
587S5667-9,110,5
587S5667-9,111,2
587S5667-9,112,1
587S5667-9,113,5
587S5667-9,114,2
587S5667-9,115,2
587S5667-9,116,4
587S5667-9,117,2
587S5667-9,118,3
587S5667-9,119,1
587S5667-9,120,4
587S5667-9,121,1
587S5667-9,122,2
587S5667-9,123,4
587S5667-9,124,4
587S5667-9,125,4
587S5667-9,126,5
587S5667-9,127,3
587S5667-9,128,2
587S5667-9,129,4
587S5667-9,130,1
588V9295-3,100,5
588V9295-3,101,4
588V9295-3,102,3
588V9295-3,103,2
588V9295-3,104,3
588V9295-3,105,4
588V9295-3,106,2
588V9295-3,107,1
588V9295-3,108,2
588V9295-3,109,4
588V9295-3,110,1
588V9295-3,111,3
588V9295-3,112,3
588V9295-3,113,4
588V9295-3,114,3
588V9295-3,115,3
588V9295-3,116,4
588V9295-3,117,3
588V9295-3,118,1
588V9295-3,119,4
588V9295-3,120,1
588V9295-3,121,3
588V9295-3,122,1
588V9295-3,123,4
588V9295-3,124,3
588V9295-3,125,4
588V9295-3,126,1
588V9295-3,127,3
588V9295-3,128,4
588V9295-3,129,3
588V9295-3,130,3
594K9664-4,100,4
594K9664-4,101,5
594K9664-4,102,2
594K9664-4,103,5
594K9664-4,104,1
594K9664-4,105,5
594K9664-4,106,5
594K9664-4,107,1
594K9664-4,108,2
594K9664-4,109,4
594K9664-4,110,4
594K9664-4,111,3
594K9664-4,112,3
594K9664-4,113,2
594K9664-4,114,2
594K9664-4,115,5
594K9664-4,116,5
594K9664-4,117,2
594K9664-4,118,2
594K9664-4,119,1
594K9664-4,120,2
594K9664-4,121,4
594K9664-4,122,4
594K9664-4,123,2
594K9664-4,124,3
594K9664-4,125,3
594K9664-4,126,5
594K9664-4,127,4
594K9664-4,128,5
594K9664-4,129,2
594K9664-4,130,4
597Q9657-2,100,2
597Q9657-2,101,2
597Q9657-2,102,5
597Q9657-2,103,4
597Q9657-2,104,4
597Q9657-2,105,5
597Q9657-2,106,1
597Q9657-2,107,2
597Q9657-2,108,1
597Q9657-2,109,1
597Q9657-2,110,3
597Q9657-2,111,4
597Q9657-2,112,5
597Q9657-2,113,4
597Q9657-2,114,5
597Q9657-2,115,2
597Q9657-2,116,3
597Q9657-2,117,5
597Q9657-2,118,2
597Q9657-2,119,4
597Q9657-2,120,2
597Q9657-2,121,4
597Q9657-2,122,5
597Q9657-2,123,1
597Q9657-2,124,4
597Q9657-2,125,1
597Q9657-2,126,4
597Q9657-2,127,2
597Q9657-2,128,5
597Q9657-2,129,1
597Q9657-2,130,4
612M7248-11,100,2
612M7248-11,101,5
612M7248-11,102,1
612M7248-11,103,1
612M7248-11,104,2
612M7248-11,105,4
612M7248-11,106,5
612M7248-11,107,5
612M7248-11,108,5
612M7248-11,109,4
612M7248-11,110,4
612M7248-11,111,5
612M7248-11,112,5
612M7248-11,113,5
612M7248-11,114,3
612M7248-11,115,3
612M7248-11,116,3
612M7248-11,117,3
612M7248-11,118,3
612M7248-11,119,5
612M7248-11,120,1
612M7248-11,121,3
612M7248-11,122,4
612M7248-11,123,5
612M7248-11,124,5
612M7248-11,125,4
612M7248-11,126,4
612M7248-11,127,3
612M7248-11,128,1
612M7248-11,129,2
612M7248-11,130,4
616Q2625-5,100,5
616Q2625-5,101,5
616Q2625-5,102,2
616Q2625-5,103,5
616Q2625-5,104,5
616Q2625-5,105,3
616Q2625-5,106,1
616Q2625-5,107,4
616Q2625-5,108,4
616Q2625-5,109,2
616Q2625-5,110,2
616Q2625-5,111,1
616Q2625-5,112,4
616Q2625-5,113,5
616Q2625-5,114,1
616Q2625-5,115,3
616Q2625-5,116,1
616Q2625-5,117,4
616Q2625-5,118,2
616Q2625-5,119,1
616Q2625-5,120,2
616Q2625-5,121,4
616Q2625-5,122,3
616Q2625-5,123,2
616Q2625-5,124,2
616Q2625-5,125,4
616Q2625-5,126,2
616Q2625-5,127,4
616Q2625-5,128,2
616Q2625-5,129,2
616Q2625-5,130,1
621P1874-14,100,3
621P1874-14,101,1
621P1874-14,102,1
621P1874-14,103,5
621P1874-14,104,4
621P1874-14,105,1
621P1874-14,106,2
621P1874-14,107,1
621P1874-14,108,3
621P1874-14,109,1
621P1874-14,110,4
621P1874-14,111,4
621P1874-14,112,1
621P1874-14,113,2
621P1874-14,114,4
621P1874-14,115,5
621P1874-14,116,1
621P1874-14,117,4
621P1874-14,118,4
621P1874-14,119,4
621P1874-14,120,3
621P1874-14,121,4
621P1874-14,122,1
621P1874-14,123,3
621P1874-14,124,4
621P1874-14,125,5
621P1874-14,126,1
621P1874-14,127,1
621P1874-14,128,4
621P1874-14,129,2
621P1874-14,130,4
637V4234-12,100,1
637V4234-12,101,2
637V4234-12,102,4
637V4234-12,103,5
637V4234-12,104,4
637V4234-12,105,3
637V4234-12,106,1
637V4234-12,107,3
637V4234-12,108,2
637V4234-12,109,2
637V4234-12,110,1
637V4234-12,111,2
637V4234-12,112,5
637V4234-12,113,2
637V4234-12,114,3
637V4234-12,115,2
637V4234-12,116,2
637V4234-12,117,3
637V4234-12,118,1
637V4234-12,119,2
637V4234-12,120,4
637V4234-12,121,3
637V4234-12,122,5
637V4234-12,123,1
637V4234-12,124,1
637V4234-12,125,4
637V4234-12,126,5
637V4234-12,127,1
637V4234-12,128,4
637V4234-12,129,4
637V4234-12,130,5
642Q1398-14,100,2
642Q1398-14,101,3
642Q1398-14,102,2
642Q1398-14,103,5
642Q1398-14,104,2
642Q1398-14,105,3
642Q1398-14,106,3
642Q1398-14,107,4
642Q1398-14,108,4
642Q1398-14,109,5
642Q1398-14,110,2
642Q1398-14,111,2
642Q1398-14,112,3
642Q1398-14,113,2
642Q1398-14,114,4
642Q1398-14,115,2
642Q1398-14,116,3
642Q1398-14,117,3
642Q1398-14,118,3
642Q1398-14,119,1
642Q1398-14,120,2
642Q1398-14,121,3
642Q1398-14,122,2
642Q1398-14,123,4
642Q1398-14,124,4
642Q1398-14,125,4
642Q1398-14,126,4
642Q1398-14,127,1
642Q1398-14,128,2
642Q1398-14,129,2
642Q1398-14,130,3
648O3542-11,100,2
648O3542-11,101,2
648O3542-11,102,4
648O3542-11,103,3
648O3542-11,104,4
648O3542-11,105,4
648O3542-11,106,3
648O3542-11,107,5
648O3542-11,108,2
648O3542-11,109,3
648O3542-11,110,5
648O3542-11,111,3
648O3542-11,112,4
648O3542-11,113,1
648O3542-11,114,1
648O3542-11,115,3
648O3542-11,116,2
648O3542-11,117,1
648O3542-11,118,5
648O3542-11,119,2
648O3542-11,120,1
648O3542-11,121,1
648O3542-11,122,3
648O3542-11,123,4
648O3542-11,124,2
648O3542-11,125,3
648O3542-11,126,2
648O3542-11,127,2
648O3542-11,128,5
648O3542-11,129,3
648O3542-11,130,3
657M2916-1,100,4
657M2916-1,101,4
657M2916-1,102,5
657M2916-1,103,1
657M2916-1,104,5
657M2916-1,105,2
657M2916-1,106,1
657M2916-1,107,4
657M2916-1,108,4
657M2916-1,109,3
657M2916-1,110,3
657M2916-1,111,4
657M2916-1,112,3
657M2916-1,113,1
657M2916-1,114,1
657M2916-1,115,5
657M2916-1,116,5
657M2916-1,117,3
657M2916-1,118,1
657M2916-1,119,2
657M2916-1,120,5
657M2916-1,121,1
657M2916-1,122,2
657M2916-1,123,5
657M2916-1,124,2
657M2916-1,125,2
657M2916-1,126,4
657M2916-1,127,3
657M2916-1,128,4
657M2916-1,129,4
657M2916-1,130,4
661X6182-13,100,3
661X6182-13,101,2
661X6182-13,102,3
661X6182-13,103,5
661X6182-13,104,1
661X6182-13,105,5
661X6182-13,106,1
661X6182-13,107,1
661X6182-13,108,3
661X6182-13,109,5
661X6182-13,110,5
661X6182-13,111,4
661X6182-13,112,1
661X6182-13,113,5
661X6182-13,114,2
661X6182-13,115,3
661X6182-13,116,5
661X6182-13,117,3
661X6182-13,118,1
661X6182-13,119,5
661X6182-13,120,1
661X6182-13,121,4
661X6182-13,122,3
661X6182-13,123,5
661X6182-13,124,3
661X6182-13,125,5
661X6182-13,126,5
661X6182-13,127,5
661X6182-13,128,2
661X6182-13,129,1
661X6182-13,130,2
665N9689-15,100,1
665N9689-15,101,4
665N9689-15,102,4
665N9689-15,103,4
665N9689-15,104,1
665N9689-15,105,2
665N9689-15,106,1
665N9689-15,107,4
665N9689-15,108,1
665N9689-15,109,2
665N9689-15,110,3
665N9689-15,111,1
665N9689-15,112,3
665N9689-15,113,5
665N9689-15,114,2
665N9689-15,115,2
665N9689-15,116,5
665N9689-15,117,3
665N9689-15,118,5
665N9689-15,119,3
665N9689-15,120,4
665N9689-15,121,4
665N9689-15,122,3
665N9689-15,123,4
665N9689-15,124,4
665N9689-15,125,1
665N9689-15,126,2
665N9689-15,127,4
665N9689-15,128,5
665N9689-15,129,5
665N9689-15,130,3
671L9762-9,100,3
671L9762-9,101,3
671L9762-9,102,5
671L9762-9,103,4
671L9762-9,104,4
671L9762-9,105,1
671L9762-9,106,3
671L9762-9,107,2
671L9762-9,108,2
671L9762-9,109,3
671L9762-9,110,3
671L9762-9,111,5
671L9762-9,112,3
671L9762-9,113,5
671L9762-9,114,3
671L9762-9,115,1
671L9762-9,116,2
671L9762-9,117,5
671L9762-9,118,4
671L9762-9,119,2
671L9762-9,120,2
671L9762-9,121,1
671L9762-9,122,4
671L9762-9,123,4
671L9762-9,124,4
671L9762-9,125,4
671L9762-9,126,3
671L9762-9,127,5
671L9762-9,128,3
671L9762-9,129,3
671L9762-9,130,4
675P1796-3,100,1
675P1796-3,101,4
675P1796-3,102,3
675P1796-3,103,1
675P1796-3,104,5
675P1796-3,105,4
675P1796-3,106,5
675P1796-3,107,2
675P1796-3,108,2
675P1796-3,109,5
675P1796-3,110,2
675P1796-3,111,5
675P1796-3,112,1
675P1796-3,113,5
675P1796-3,114,4
675P1796-3,115,1
675P1796-3,116,1
675P1796-3,117,3
675P1796-3,118,2
675P1796-3,119,2
675P1796-3,120,3
675P1796-3,121,5
675P1796-3,122,1
675P1796-3,123,4
675P1796-3,124,3
675P1796-3,125,4
675P1796-3,126,4
675P1796-3,127,4
675P1796-3,128,4
675P1796-3,129,3
675P1796-3,130,5
678C7478-5,100,4
678C7478-5,101,5
678C7478-5,102,2
678C7478-5,103,2
678C7478-5,104,1
678C7478-5,105,4
678C7478-5,106,3
678C7478-5,107,3
678C7478-5,108,3
678C7478-5,109,2
678C7478-5,110,1
678C7478-5,111,3
678C7478-5,112,2
678C7478-5,113,2
678C7478-5,114,2
678C7478-5,115,4
678C7478-5,116,5
678C7478-5,117,2
678C7478-5,118,1
678C7478-5,119,5
678C7478-5,120,1
678C7478-5,121,5
678C7478-5,122,1
678C7478-5,123,5
678C7478-5,124,1
678C7478-5,125,4
678C7478-5,126,5
678C7478-5,127,2
678C7478-5,128,1
678C7478-5,129,3
678C7478-5,130,1
686V4251-5,100,3
686V4251-5,101,5
686V4251-5,102,3
686V4251-5,103,4
686V4251-5,104,3
686V4251-5,105,5
686V4251-5,106,1
686V4251-5,107,5
686V4251-5,108,4
686V4251-5,109,5
686V4251-5,110,3
686V4251-5,111,4
686V4251-5,112,5
686V4251-5,113,3
686V4251-5,114,1
686V4251-5,115,2
686V4251-5,116,1
686V4251-5,117,5
686V4251-5,118,2
686V4251-5,119,1
686V4251-5,120,3
686V4251-5,121,5
686V4251-5,122,3
686V4251-5,123,4
686V4251-5,124,3
686V4251-5,125,3
686V4251-5,126,4
686V4251-5,127,5
686V4251-5,128,3
686V4251-5,129,3
686V4251-5,130,1
687O4495-2,100,2
687O4495-2,101,1
687O4495-2,102,2
687O4495-2,103,1
687O4495-2,104,3
687O4495-2,105,3
687O4495-2,106,3
687O4495-2,107,1
687O4495-2,108,2
687O4495-2,109,3
687O4495-2,110,3
687O4495-2,111,3
687O4495-2,112,2
687O4495-2,113,4
687O4495-2,114,5
687O4495-2,115,3
687O4495-2,116,4
687O4495-2,117,4
687O4495-2,118,3
687O4495-2,119,4
687O4495-2,120,2
687O4495-2,121,5
687O4495-2,122,5
687O4495-2,123,1
687O4495-2,124,1
687O4495-2,125,2
687O4495-2,126,4
687O4495-2,127,2
687O4495-2,128,3
687O4495-2,129,4
687O4495-2,130,3
689O7839-14,100,4
689O7839-14,101,3
689O7839-14,102,1
689O7839-14,103,3
689O7839-14,104,4
689O7839-14,105,3
689O7839-14,106,4
689O7839-14,107,4
689O7839-14,108,5
689O7839-14,109,5
689O7839-14,110,4
689O7839-14,111,3
689O7839-14,112,1
689O7839-14,113,3
689O7839-14,114,1
689O7839-14,115,4
689O7839-14,116,4
689O7839-14,117,1
689O7839-14,118,2
689O7839-14,119,2
689O7839-14,120,5
689O7839-14,121,2
689O7839-14,122,5
689O7839-14,123,5
689O7839-14,124,4
689O7839-14,125,4
689O7839-14,126,3
689O7839-14,127,5
689O7839-14,128,1
689O7839-14,129,1
689O7839-14,130,3
689O9457-15,100,1
689O9457-15,101,4
689O9457-15,102,1
689O9457-15,103,3
689O9457-15,104,3
689O9457-15,105,3
689O9457-15,106,2
689O9457-15,107,4
689O9457-15,108,1
689O9457-15,109,5
689O9457-15,110,5
689O9457-15,111,4
689O9457-15,112,3
689O9457-15,113,3
689O9457-15,114,4
689O9457-15,115,2
689O9457-15,116,3
689O9457-15,117,1
689O9457-15,118,5
689O9457-15,119,2
689O9457-15,120,1
689O9457-15,121,2
689O9457-15,122,3
689O9457-15,123,4
689O9457-15,124,3
689O9457-15,125,1
689O9457-15,126,5
689O9457-15,127,3
689O9457-15,128,2
689O9457-15,129,1
689O9457-15,130,4
719B2683-10,100,5
719B2683-10,101,1
719B2683-10,102,5
719B2683-10,103,5
719B2683-10,104,2
719B2683-10,105,2
719B2683-10,106,3
719B2683-10,107,4
719B2683-10,108,4
719B2683-10,109,3
719B2683-10,110,2
719B2683-10,111,4
719B2683-10,112,5
719B2683-10,113,3
719B2683-10,114,5
719B2683-10,115,1
719B2683-10,116,1
719B2683-10,117,3
719B2683-10,118,2
719B2683-10,119,4
719B2683-10,120,3
719B2683-10,121,3
719B2683-10,122,2
719B2683-10,123,2
719B2683-10,124,2
719B2683-10,125,3
719B2683-10,126,2
719B2683-10,127,5
719B2683-10,128,1
719B2683-10,129,2
719B2683-10,130,4
723Q1527-12,100,2
723Q1527-12,101,4
723Q1527-12,102,5
723Q1527-12,103,5
723Q1527-12,104,3
723Q1527-12,105,4
723Q1527-12,106,3
723Q1527-12,107,3
723Q1527-12,108,2
723Q1527-12,109,2
723Q1527-12,110,4
723Q1527-12,111,4
723Q1527-12,112,4
723Q1527-12,113,2
723Q1527-12,114,2
723Q1527-12,115,3
723Q1527-12,116,3
723Q1527-12,117,4
723Q1527-12,118,4
723Q1527-12,119,4
723Q1527-12,120,4
723Q1527-12,121,5
723Q1527-12,122,4
723Q1527-12,123,5
723Q1527-12,124,5
723Q1527-12,125,2
723Q1527-12,126,3
723Q1527-12,127,4
723Q1527-12,128,2
723Q1527-12,129,2
723Q1527-12,130,3
736S1693-3,100,4
736S1693-3,101,2
736S1693-3,102,1
736S1693-3,103,3
736S1693-3,104,1
736S1693-3,105,4
736S1693-3,106,2
736S1693-3,107,3
736S1693-3,108,2
736S1693-3,109,1
736S1693-3,110,2
736S1693-3,111,2
736S1693-3,112,2
736S1693-3,113,3
736S1693-3,114,4
736S1693-3,115,1
736S1693-3,116,4
736S1693-3,117,5
736S1693-3,118,2
736S1693-3,119,5
736S1693-3,120,3
736S1693-3,121,4
736S1693-3,122,3
736S1693-3,123,1
736S1693-3,124,1
736S1693-3,125,5
736S1693-3,126,5
736S1693-3,127,1
736S1693-3,128,2
736S1693-3,129,3
736S1693-3,130,2
744X5874-9,100,2
744X5874-9,101,4
744X5874-9,102,2
744X5874-9,103,2
744X5874-9,104,1
744X5874-9,105,5
744X5874-9,106,3
744X5874-9,107,2
744X5874-9,108,2
744X5874-9,109,3
744X5874-9,110,4
744X5874-9,111,5
744X5874-9,112,2
744X5874-9,113,2
744X5874-9,114,5
744X5874-9,115,2
744X5874-9,116,3
744X5874-9,117,1
744X5874-9,118,2
744X5874-9,119,3
744X5874-9,120,1
744X5874-9,121,1
744X5874-9,122,3
744X5874-9,123,3
744X5874-9,124,5
744X5874-9,125,4
744X5874-9,126,4
744X5874-9,127,1
744X5874-9,128,1
744X5874-9,129,2
744X5874-9,130,3
746T1641-2,100,3
746T1641-2,101,4
746T1641-2,102,3
746T1641-2,103,4
746T1641-2,104,2
746T1641-2,105,1
746T1641-2,106,2
746T1641-2,107,2
746T1641-2,108,5
746T1641-2,109,3
746T1641-2,110,1
746T1641-2,111,2
746T1641-2,112,5
746T1641-2,113,4
746T1641-2,114,2
746T1641-2,115,4
746T1641-2,116,3
746T1641-2,117,5
746T1641-2,118,4
746T1641-2,119,5
746T1641-2,120,4
746T1641-2,121,2
746T1641-2,122,1
746T1641-2,123,2
746T1641-2,124,3
746T1641-2,125,3
746T1641-2,126,4
746T1641-2,127,4
746T1641-2,128,3
746T1641-2,129,1
746T1641-2,130,1
749U8235-7,100,4
749U8235-7,101,5
749U8235-7,102,1
749U8235-7,103,4
749U8235-7,104,5
749U8235-7,105,2
749U8235-7,106,5
749U8235-7,107,5
749U8235-7,108,5
749U8235-7,109,5
749U8235-7,110,3
749U8235-7,111,2
749U8235-7,112,5
749U8235-7,113,2
749U8235-7,114,5
749U8235-7,115,1
749U8235-7,116,2
749U8235-7,117,1
749U8235-7,118,5
749U8235-7,119,3
749U8235-7,120,5
749U8235-7,121,1
749U8235-7,122,4
749U8235-7,123,2
749U8235-7,124,5
749U8235-7,125,5
749U8235-7,126,4
749U8235-7,127,5
749U8235-7,128,1
749U8235-7,129,5
749U8235-7,130,5
763C8651-1,100,1
763C8651-1,101,3
763C8651-1,102,3
763C8651-1,103,5
763C8651-1,104,4
763C8651-1,105,5
763C8651-1,106,4
763C8651-1,107,2
763C8651-1,108,2
763C8651-1,109,2
763C8651-1,110,3
763C8651-1,111,1
763C8651-1,112,4
763C8651-1,113,4
763C8651-1,114,4
763C8651-1,115,4
763C8651-1,116,2
763C8651-1,117,1
763C8651-1,118,5
763C8651-1,119,5
763C8651-1,120,1
763C8651-1,121,1
763C8651-1,122,1
763C8651-1,123,5
763C8651-1,124,1
763C8651-1,125,5
763C8651-1,126,3
763C8651-1,127,2
763C8651-1,128,4
763C8651-1,129,3
763C8651-1,130,5
763R1856-1,100,4
763R1856-1,101,5
763R1856-1,102,4
763R1856-1,103,3
763R1856-1,104,5
763R1856-1,105,5
763R1856-1,106,2
763R1856-1,107,2
763R1856-1,108,4
763R1856-1,109,4
763R1856-1,110,4
763R1856-1,111,2
763R1856-1,112,3
763R1856-1,113,1
763R1856-1,114,5
763R1856-1,115,5
763R1856-1,116,5
763R1856-1,117,5
763R1856-1,118,3
763R1856-1,119,3
763R1856-1,120,4
763R1856-1,121,2
763R1856-1,122,5
763R1856-1,123,5
763R1856-1,124,1
763R1856-1,125,2
763R1856-1,126,2
763R1856-1,127,2
763R1856-1,128,4
763R1856-1,129,5
763R1856-1,130,5
771C1591-11,100,3
771C1591-11,101,2
771C1591-11,102,5
771C1591-11,103,4
771C1591-11,104,2
771C1591-11,105,1
771C1591-11,106,4
771C1591-11,107,4
771C1591-11,108,3
771C1591-11,109,3
771C1591-11,110,3
771C1591-11,111,1
771C1591-11,112,1
771C1591-11,113,4
771C1591-11,114,5
771C1591-11,115,4
771C1591-11,116,4
771C1591-11,117,5
771C1591-11,118,2
771C1591-11,119,4
771C1591-11,120,3
771C1591-11,121,3
771C1591-11,122,5
771C1591-11,123,1
771C1591-11,124,2
771C1591-11,125,4
771C1591-11,126,3
771C1591-11,127,4
771C1591-11,128,4
771C1591-11,129,1
771C1591-11,130,3
779B9138-11,100,3
779B9138-11,101,4
779B9138-11,102,3
779B9138-11,103,3
779B9138-11,104,2
779B9138-11,105,2
779B9138-11,106,2
779B9138-11,107,3
779B9138-11,108,3
779B9138-11,109,5
779B9138-11,110,2
779B9138-11,111,1
779B9138-11,112,1
779B9138-11,113,3
779B9138-11,114,1
779B9138-11,115,3
779B9138-11,116,4
779B9138-11,117,3
779B9138-11,118,4
779B9138-11,119,3
779B9138-11,120,1
779B9138-11,121,5
779B9138-11,122,4
779B9138-11,123,4
779B9138-11,124,3
779B9138-11,125,2
779B9138-11,126,1
779B9138-11,127,3
779B9138-11,128,3
779B9138-11,129,1
779B9138-11,130,4
781I8431-9,100,2
781I8431-9,101,5
781I8431-9,102,3
781I8431-9,103,2
781I8431-9,104,5
781I8431-9,105,4
781I8431-9,106,5
781I8431-9,107,2
781I8431-9,108,4
781I8431-9,109,3
781I8431-9,110,2
781I8431-9,111,4
781I8431-9,112,5
781I8431-9,113,2
781I8431-9,114,3
781I8431-9,115,5
781I8431-9,116,3
781I8431-9,117,4
781I8431-9,118,2
781I8431-9,119,5
781I8431-9,120,2
781I8431-9,121,2
781I8431-9,122,1
781I8431-9,123,3
781I8431-9,124,1
781I8431-9,125,4
781I8431-9,126,2
781I8431-9,127,4
781I8431-9,128,5
781I8431-9,129,5
781I8431-9,130,1
784J6567-6,100,2
784J6567-6,101,2
784J6567-6,102,3
784J6567-6,103,2
784J6567-6,104,3
784J6567-6,105,4
784J6567-6,106,2
784J6567-6,107,1
784J6567-6,108,3
784J6567-6,109,5
784J6567-6,110,1
784J6567-6,111,4
784J6567-6,112,4
784J6567-6,113,1
784J6567-6,114,5
784J6567-6,115,2
784J6567-6,116,1
784J6567-6,117,3
784J6567-6,118,2
784J6567-6,119,5
784J6567-6,120,4
784J6567-6,121,4
784J6567-6,122,5
784J6567-6,123,4
784J6567-6,124,4
784J6567-6,125,1
784J6567-6,126,5
784J6567-6,127,2
784J6567-6,128,1
784J6567-6,129,1
784J6567-6,130,2
784P5928-6,100,1
784P5928-6,101,2
784P5928-6,102,2
784P5928-6,103,5
784P5928-6,104,2
784P5928-6,105,1
784P5928-6,106,4
784P5928-6,107,4
784P5928-6,108,1
784P5928-6,109,1
784P5928-6,110,2
784P5928-6,111,1
784P5928-6,112,1
784P5928-6,113,4
784P5928-6,114,3
784P5928-6,115,5
784P5928-6,116,2
784P5928-6,117,5
784P5928-6,118,2
784P5928-6,119,1
784P5928-6,120,2
784P5928-6,121,4
784P5928-6,122,2
784P5928-6,123,4
784P5928-6,124,1
784P5928-6,125,3
784P5928-6,126,4
784P5928-6,127,3
784P5928-6,128,2
784P5928-6,129,3
784P5928-6,130,1
786E3895-12,100,2
786E3895-12,101,4
786E3895-12,102,3
786E3895-12,103,1
786E3895-12,104,1
786E3895-12,105,1
786E3895-12,106,5
786E3895-12,107,4
786E3895-12,108,4
786E3895-12,109,4
786E3895-12,110,2
786E3895-12,111,5
786E3895-12,112,4
786E3895-12,113,3
786E3895-12,114,3
786E3895-12,115,1
786E3895-12,116,4
786E3895-12,117,1
786E3895-12,118,4
786E3895-12,119,2
786E3895-12,120,5
786E3895-12,121,3
786E3895-12,122,4
786E3895-12,123,2
786E3895-12,124,3
786E3895-12,125,5
786E3895-12,126,3
786E3895-12,127,4
786E3895-12,128,2
786E3895-12,129,3
786E3895-12,130,2
793H6827-12,100,3
793H6827-12,101,1
793H6827-12,102,1
793H6827-12,103,1
793H6827-12,104,5
793H6827-12,105,1
793H6827-12,106,5
793H6827-12,107,1
793H6827-12,108,1
793H6827-12,109,1
793H6827-12,110,3
793H6827-12,111,2
793H6827-12,112,2
793H6827-12,113,3
793H6827-12,114,4
793H6827-12,115,3
793H6827-12,116,3
793H6827-12,117,3
793H6827-12,118,2
793H6827-12,119,1
793H6827-12,120,1
793H6827-12,121,2
793H6827-12,122,3
793H6827-12,123,2
793H6827-12,124,3
793H6827-12,125,4
793H6827-12,126,3
793H6827-12,127,1
793H6827-12,128,5
793H6827-12,129,1
793H6827-12,130,5
812Y8331-2,100,5
812Y8331-2,101,4
812Y8331-2,102,5
812Y8331-2,103,1
812Y8331-2,104,5
812Y8331-2,105,3
812Y8331-2,106,3
812Y8331-2,107,4
812Y8331-2,108,3
812Y8331-2,109,4
812Y8331-2,110,2
812Y8331-2,111,1
812Y8331-2,112,3
812Y8331-2,113,2
812Y8331-2,114,4
812Y8331-2,115,3
812Y8331-2,116,3
812Y8331-2,117,1
812Y8331-2,118,4
812Y8331-2,119,5
812Y8331-2,120,5
812Y8331-2,121,5
812Y8331-2,122,1
812Y8331-2,123,3
812Y8331-2,124,2
812Y8331-2,125,2
812Y8331-2,126,1
812Y8331-2,127,4
812Y8331-2,128,5
812Y8331-2,129,2
812Y8331-2,130,2
823I1795-11,100,5
823I1795-11,101,4
823I1795-11,102,5
823I1795-11,103,3
823I1795-11,104,1
823I1795-11,105,5
823I1795-11,106,3
823I1795-11,107,5
823I1795-11,108,4
823I1795-11,109,3
823I1795-11,110,2
823I1795-11,111,3
823I1795-11,112,4
823I1795-11,113,2
823I1795-11,114,2
823I1795-11,115,1
823I1795-11,116,4
823I1795-11,117,5
823I1795-11,118,1
823I1795-11,119,3
823I1795-11,120,2
823I1795-11,121,5
823I1795-11,122,5
823I1795-11,123,4
823I1795-11,124,4
823I1795-11,125,5
823I1795-11,126,2
823I1795-11,127,5
823I1795-11,128,4
823I1795-11,129,1
823I1795-11,130,4
825H2256-3,100,2
825H2256-3,101,5
825H2256-3,102,3
825H2256-3,103,4
825H2256-3,104,2
825H2256-3,105,1
825H2256-3,106,4
825H2256-3,107,1
825H2256-3,108,2
825H2256-3,109,3
825H2256-3,110,2
825H2256-3,111,1
825H2256-3,112,4
825H2256-3,113,5
825H2256-3,114,2
825H2256-3,115,1
825H2256-3,116,3
825H2256-3,117,1
825H2256-3,118,3
825H2256-3,119,2
825H2256-3,120,2
825H2256-3,121,4
825H2256-3,122,4
825H2256-3,123,4
825H2256-3,124,2
825H2256-3,125,2
825H2256-3,126,3
825H2256-3,127,4
825H2256-3,128,5
825H2256-3,129,2
825H2256-3,130,1
832U4713-12,100,1
832U4713-12,101,4
832U4713-12,102,3
832U4713-12,103,3
832U4713-12,104,1
832U4713-12,105,3
832U4713-12,106,3
832U4713-12,107,5
832U4713-12,108,2
832U4713-12,109,5
832U4713-12,110,3
832U4713-12,111,3
832U4713-12,112,2
832U4713-12,113,5
832U4713-12,114,3
832U4713-12,115,3
832U4713-12,116,4
832U4713-12,117,1
832U4713-12,118,5
832U4713-12,119,1
832U4713-12,120,3
832U4713-12,121,3
832U4713-12,122,3
832U4713-12,123,1
832U4713-12,124,5
832U4713-12,125,5
832U4713-12,126,4
832U4713-12,127,1
832U4713-12,128,3
832U4713-12,129,3
832U4713-12,130,5
835B2345-6,100,3
835B2345-6,101,1
835B2345-6,102,3
835B2345-6,103,3
835B2345-6,104,2
835B2345-6,105,5
835B2345-6,106,1
835B2345-6,107,4
835B2345-6,108,1
835B2345-6,109,3
835B2345-6,110,1
835B2345-6,111,4
835B2345-6,112,4
835B2345-6,113,2
835B2345-6,114,3
835B2345-6,115,4
835B2345-6,116,5
835B2345-6,117,2
835B2345-6,118,1
835B2345-6,119,1
835B2345-6,120,4
835B2345-6,121,1
835B2345-6,122,5
835B2345-6,123,4
835B2345-6,124,4
835B2345-6,125,1
835B2345-6,126,4
835B2345-6,127,3
835B2345-6,128,1
835B2345-6,129,4
835B2345-6,130,3
842C6519-13,100,4
842C6519-13,101,4
842C6519-13,102,5
842C6519-13,103,1
842C6519-13,104,3
842C6519-13,105,2
842C6519-13,106,3
842C6519-13,107,2
842C6519-13,108,2
842C6519-13,109,5
842C6519-13,110,4
842C6519-13,111,4
842C6519-13,112,3
842C6519-13,113,5
842C6519-13,114,4
842C6519-13,115,5
842C6519-13,116,4
842C6519-13,117,3
842C6519-13,118,3
842C6519-13,119,1
842C6519-13,120,2
842C6519-13,121,4
842C6519-13,122,5
842C6519-13,123,2
842C6519-13,124,4
842C6519-13,125,4
842C6519-13,126,5
842C6519-13,127,3
842C6519-13,128,1
842C6519-13,129,3
842C6519-13,130,1
843Z2884-6,100,5
843Z2884-6,101,5
843Z2884-6,102,1
843Z2884-6,103,5
843Z2884-6,104,2
843Z2884-6,105,1
843Z2884-6,106,3
843Z2884-6,107,1
843Z2884-6,108,3
843Z2884-6,109,5
843Z2884-6,110,1
843Z2884-6,111,3
843Z2884-6,112,5
843Z2884-6,113,4
843Z2884-6,114,3
843Z2884-6,115,4
843Z2884-6,116,1
843Z2884-6,117,5
843Z2884-6,118,1
843Z2884-6,119,5
843Z2884-6,120,2
843Z2884-6,121,1
843Z2884-6,122,1
843Z2884-6,123,2
843Z2884-6,124,1
843Z2884-6,125,2
843Z2884-6,126,2
843Z2884-6,127,3
843Z2884-6,128,5
843Z2884-6,129,4
843Z2884-6,130,1
849E9587-1,100,3
849E9587-1,101,4
849E9587-1,102,2
849E9587-1,103,1
849E9587-1,104,1
849E9587-1,105,5
849E9587-1,106,4
849E9587-1,107,4
849E9587-1,108,1
849E9587-1,109,3
849E9587-1,110,3
849E9587-1,111,2
849E9587-1,112,5
849E9587-1,113,5
849E9587-1,114,1
849E9587-1,115,3
849E9587-1,116,1
849E9587-1,117,1
849E9587-1,118,2
849E9587-1,119,2
849E9587-1,120,2
849E9587-1,121,2
849E9587-1,122,2
849E9587-1,123,2
849E9587-1,124,3
849E9587-1,125,2
849E9587-1,126,5
849E9587-1,127,4
849E9587-1,128,1
849E9587-1,129,5
849E9587-1,130,3
849M1361-9,100,2
849M1361-9,101,2
849M1361-9,102,3
849M1361-9,103,4
849M1361-9,104,2
849M1361-9,105,2
849M1361-9,106,3
849M1361-9,107,3
849M1361-9,108,2
849M1361-9,109,1
849M1361-9,110,4
849M1361-9,111,5
849M1361-9,112,4
849M1361-9,113,2
849M1361-9,114,2
849M1361-9,115,2
849M1361-9,116,2
849M1361-9,117,2
849M1361-9,118,1
849M1361-9,119,1
849M1361-9,120,1
849M1361-9,121,1
849M1361-9,122,5
849M1361-9,123,3
849M1361-9,124,2
849M1361-9,125,5
849M1361-9,126,4
849M1361-9,127,3
849M1361-9,128,5
849M1361-9,129,4
849M1361-9,130,1
858C1147-3,100,4
858C1147-3,101,3
858C1147-3,102,1
858C1147-3,103,4
858C1147-3,104,1
858C1147-3,105,3
858C1147-3,106,3
858C1147-3,107,4
858C1147-3,108,2
858C1147-3,109,1
858C1147-3,110,2
858C1147-3,111,2
858C1147-3,112,4
858C1147-3,113,2
858C1147-3,114,5
858C1147-3,115,5
858C1147-3,116,3
858C1147-3,117,5
858C1147-3,118,3
858C1147-3,119,1
858C1147-3,120,1
858C1147-3,121,2
858C1147-3,122,4
858C1147-3,123,5
858C1147-3,124,4
858C1147-3,125,2
858C1147-3,126,5
858C1147-3,127,5
858C1147-3,128,3
858C1147-3,129,5
858C1147-3,130,2
861M4635-8,100,2
861M4635-8,101,3
861M4635-8,102,3
861M4635-8,103,2
861M4635-8,104,5
861M4635-8,105,2
861M4635-8,106,3
861M4635-8,107,2
861M4635-8,108,4
861M4635-8,109,5
861M4635-8,110,4
861M4635-8,111,2
861M4635-8,112,2
861M4635-8,113,4
861M4635-8,114,5
861M4635-8,115,5
861M4635-8,116,5
861M4635-8,117,1
861M4635-8,118,2
861M4635-8,119,5
861M4635-8,120,1
861M4635-8,121,4
861M4635-8,122,5
861M4635-8,123,3
861M4635-8,124,3
861M4635-8,125,5
861M4635-8,126,5
861M4635-8,127,5
861M4635-8,128,4
861M4635-8,129,5
861M4635-8,130,3
865P5127-4,100,3
865P5127-4,101,3
865P5127-4,102,4
865P5127-4,103,1
865P5127-4,104,4
865P5127-4,105,2
865P5127-4,106,5
865P5127-4,107,3
865P5127-4,108,4
865P5127-4,109,3
865P5127-4,110,1
865P5127-4,111,5
865P5127-4,112,2
865P5127-4,113,3
865P5127-4,114,5
865P5127-4,115,2
865P5127-4,116,2
865P5127-4,117,1
865P5127-4,118,2
865P5127-4,119,1
865P5127-4,120,3
865P5127-4,121,5
865P5127-4,122,1
865P5127-4,123,3
865P5127-4,124,3
865P5127-4,125,4
865P5127-4,126,5
865P5127-4,127,1
865P5127-4,128,2
865P5127-4,129,3
865P5127-4,130,2
885O4149-14,100,5
885O4149-14,101,2
885O4149-14,102,4
885O4149-14,103,3
885O4149-14,104,4
885O4149-14,105,3
885O4149-14,106,3
885O4149-14,107,1
885O4149-14,108,2
885O4149-14,109,1
885O4149-14,110,3
885O4149-14,111,3
885O4149-14,112,5
885O4149-14,113,5
885O4149-14,114,4
885O4149-14,115,2
885O4149-14,116,3
885O4149-14,117,3
885O4149-14,118,3
885O4149-14,119,1
885O4149-14,120,2
885O4149-14,121,2
885O4149-14,122,2
885O4149-14,123,4
885O4149-14,124,1
885O4149-14,125,3
885O4149-14,126,4
885O4149-14,127,1
885O4149-14,128,1
885O4149-14,129,5
885O4149-14,130,3
899H9854-8,100,2
899H9854-8,101,1
899H9854-8,102,2
899H9854-8,103,5
899H9854-8,104,3
899H9854-8,105,5
899H9854-8,106,2
899H9854-8,107,3
899H9854-8,108,1
899H9854-8,109,5
899H9854-8,110,5
899H9854-8,111,3
899H9854-8,112,4
899H9854-8,113,5
899H9854-8,114,3
899H9854-8,115,1
899H9854-8,116,3
899H9854-8,117,4
899H9854-8,118,2
899H9854-8,119,4
899H9854-8,120,1
899H9854-8,121,5
899H9854-8,122,4
899H9854-8,123,4
899H9854-8,124,5
899H9854-8,125,3
899H9854-8,126,3
899H9854-8,127,1
899H9854-8,128,2
899H9854-8,129,4
899H9854-8,130,2
912G8753-13,100,2
912G8753-13,101,1
912G8753-13,102,4
912G8753-13,103,4
912G8753-13,104,3
912G8753-13,105,3
912G8753-13,106,2
912G8753-13,107,4
912G8753-13,108,1
912G8753-13,109,2
912G8753-13,110,2
912G8753-13,111,1
912G8753-13,112,5
912G8753-13,113,5
912G8753-13,114,2
912G8753-13,115,5
912G8753-13,116,3
912G8753-13,117,5
912G8753-13,118,4
912G8753-13,119,1
912G8753-13,120,1
912G8753-13,121,4
912G8753-13,122,1
912G8753-13,123,3
912G8753-13,124,3
912G8753-13,125,1
912G8753-13,126,2
912G8753-13,127,2
912G8753-13,128,1
912G8753-13,129,2
912G8753-13,130,1
923L9839-15,100,4
923L9839-15,101,1
923L9839-15,102,4
923L9839-15,103,4
923L9839-15,104,5
923L9839-15,105,3
923L9839-15,106,4
923L9839-15,107,5
923L9839-15,108,4
923L9839-15,109,5
923L9839-15,110,5
923L9839-15,111,2
923L9839-15,112,2
923L9839-15,113,3
923L9839-15,114,4
923L9839-15,115,1
923L9839-15,116,3
923L9839-15,117,1
923L9839-15,118,1
923L9839-15,119,1
923L9839-15,120,3
923L9839-15,121,1
923L9839-15,122,2
923L9839-15,123,4
923L9839-15,124,5
923L9839-15,125,3
923L9839-15,126,3
923L9839-15,127,2
923L9839-15,128,3
923L9839-15,129,5
923L9839-15,130,1
932D1221-8,100,4
932D1221-8,101,1
932D1221-8,102,3
932D1221-8,103,2
932D1221-8,104,2
932D1221-8,105,3
932D1221-8,106,3
932D1221-8,107,1
932D1221-8,108,3
932D1221-8,109,4
932D1221-8,110,3
932D1221-8,111,2
932D1221-8,112,3
932D1221-8,113,5
932D1221-8,114,1
932D1221-8,115,3
932D1221-8,116,5
932D1221-8,117,2
932D1221-8,118,2
932D1221-8,119,4
932D1221-8,120,4
932D1221-8,121,5
932D1221-8,122,4
932D1221-8,123,5
932D1221-8,124,4
932D1221-8,125,1
932D1221-8,126,4
932D1221-8,127,3
932D1221-8,128,4
932D1221-8,129,3
932D1221-8,130,1
937E9481-8,100,2
937E9481-8,101,5
937E9481-8,102,1
937E9481-8,103,5
937E9481-8,104,3
937E9481-8,105,4
937E9481-8,106,3
937E9481-8,107,1
937E9481-8,108,2
937E9481-8,109,3
937E9481-8,110,5
937E9481-8,111,4
937E9481-8,112,1
937E9481-8,113,2
937E9481-8,114,2
937E9481-8,115,5
937E9481-8,116,4
937E9481-8,117,5
937E9481-8,118,4
937E9481-8,119,2
937E9481-8,120,4
937E9481-8,121,5
937E9481-8,122,5
937E9481-8,123,4
937E9481-8,124,2
937E9481-8,125,4
937E9481-8,126,4
937E9481-8,127,3
937E9481-8,128,1
937E9481-8,129,1
937E9481-8,130,1
947Y5155-15,100,2
947Y5155-15,101,3
947Y5155-15,102,3
947Y5155-15,103,1
947Y5155-15,104,4
947Y5155-15,105,3
947Y5155-15,106,2
947Y5155-15,107,4
947Y5155-15,108,2
947Y5155-15,109,2
947Y5155-15,110,3
947Y5155-15,111,2
947Y5155-15,112,3
947Y5155-15,113,5
947Y5155-15,114,1
947Y5155-15,115,4
947Y5155-15,116,5
947Y5155-15,117,4
947Y5155-15,118,5
947Y5155-15,119,1
947Y5155-15,120,1
947Y5155-15,121,2
947Y5155-15,122,3
947Y5155-15,123,5
947Y5155-15,124,1
947Y5155-15,125,4
947Y5155-15,126,5
947Y5155-15,127,3
947Y5155-15,128,1
947Y5155-15,129,4
947Y5155-15,130,4
956E7759-15,100,5
956E7759-15,101,3
956E7759-15,102,2
956E7759-15,103,1
956E7759-15,104,2
956E7759-15,105,2
956E7759-15,106,2
956E7759-15,107,1
956E7759-15,108,2
956E7759-15,109,4
956E7759-15,110,3
956E7759-15,111,1
956E7759-15,112,5
956E7759-15,113,2
956E7759-15,114,2
956E7759-15,115,1
956E7759-15,116,3
956E7759-15,117,4
956E7759-15,118,4
956E7759-15,119,2
956E7759-15,120,2
956E7759-15,121,1
956E7759-15,122,3
956E7759-15,123,5
956E7759-15,124,2
956E7759-15,125,3
956E7759-15,126,1
956E7759-15,127,5
956E7759-15,128,4
956E7759-15,129,3
956E7759-15,130,4
956Z9381-10,100,2
956Z9381-10,101,5
956Z9381-10,102,1
956Z9381-10,103,3
956Z9381-10,104,3
956Z9381-10,105,4
956Z9381-10,106,3
956Z9381-10,107,5
956Z9381-10,108,5
956Z9381-10,109,1
956Z9381-10,110,1
956Z9381-10,111,1
956Z9381-10,112,2
956Z9381-10,113,4
956Z9381-10,114,1
956Z9381-10,115,2
956Z9381-10,116,5
956Z9381-10,117,5
956Z9381-10,118,5
956Z9381-10,119,2
956Z9381-10,120,5
956Z9381-10,121,3
956Z9381-10,122,4
956Z9381-10,123,3
956Z9381-10,124,1
956Z9381-10,125,5
956Z9381-10,126,4
956Z9381-10,127,2
956Z9381-10,128,1
956Z9381-10,129,3
956Z9381-10,130,1
963Y2116-1,100,2
963Y2116-1,101,5
963Y2116-1,102,5
963Y2116-1,103,1
963Y2116-1,104,5
963Y2116-1,105,4
963Y2116-1,106,3
963Y2116-1,107,4
963Y2116-1,108,3
963Y2116-1,109,4
963Y2116-1,110,2
963Y2116-1,111,3
963Y2116-1,112,2
963Y2116-1,113,3
963Y2116-1,114,2
963Y2116-1,115,4
963Y2116-1,116,5
963Y2116-1,117,1
963Y2116-1,118,1
963Y2116-1,119,5
963Y2116-1,120,2
963Y2116-1,121,5
963Y2116-1,122,4
963Y2116-1,123,4
963Y2116-1,124,5
963Y2116-1,125,1
963Y2116-1,126,4
963Y2116-1,127,4
963Y2116-1,128,1
963Y2116-1,129,4
963Y2116-1,130,3
968X4686-7,100,2
968X4686-7,101,4
968X4686-7,102,5
968X4686-7,103,3
968X4686-7,104,4
968X4686-7,105,1
968X4686-7,106,3
968X4686-7,107,5
968X4686-7,108,1
968X4686-7,109,2
968X4686-7,110,5
968X4686-7,111,4
968X4686-7,112,3
968X4686-7,113,2
968X4686-7,114,4
968X4686-7,115,2
968X4686-7,116,4
968X4686-7,117,5
968X4686-7,118,5
968X4686-7,119,2
968X4686-7,120,2
968X4686-7,121,5
968X4686-7,122,2
968X4686-7,123,2
968X4686-7,124,4
968X4686-7,125,2
968X4686-7,126,1
968X4686-7,127,2
968X4686-7,128,4
968X4686-7,129,1
968X4686-7,130,5
976H4335-4,100,1
976H4335-4,101,2
976H4335-4,102,3
976H4335-4,103,4
976H4335-4,104,1
976H4335-4,105,4
976H4335-4,106,2
976H4335-4,107,1
976H4335-4,108,2
976H4335-4,109,2
976H4335-4,110,1
976H4335-4,111,4
976H4335-4,112,4
976H4335-4,113,3
976H4335-4,114,1
976H4335-4,115,2
976H4335-4,116,4
976H4335-4,117,3
976H4335-4,118,2
976H4335-4,119,4
976H4335-4,120,1
976H4335-4,121,1
976H4335-4,122,3
976H4335-4,123,4
976H4335-4,124,5
976H4335-4,125,4
976H4335-4,126,3
976H4335-4,127,4
976H4335-4,128,1
976H4335-4,129,2
976H4335-4,130,3
981L5583-11,100,5
981L5583-11,101,5
981L5583-11,102,4
981L5583-11,103,2
981L5583-11,104,1
981L5583-11,105,2
981L5583-11,106,4
981L5583-11,107,2
981L5583-11,108,2
981L5583-11,109,5
981L5583-11,110,3
981L5583-11,111,2
981L5583-11,112,3
981L5583-11,113,3
981L5583-11,114,5
981L5583-11,115,3
981L5583-11,116,3
981L5583-11,117,5
981L5583-11,118,2
981L5583-11,119,5
981L5583-11,120,2
981L5583-11,121,2
981L5583-11,122,3
981L5583-11,123,2
981L5583-11,124,2
981L5583-11,125,3
981L5583-11,126,1
981L5583-11,127,2
981L5583-11,128,3
981L5583-11,129,3
981L5583-11,130,2
981W8312-6,100,1
981W8312-6,101,5
981W8312-6,102,4
981W8312-6,103,2
981W8312-6,104,5
981W8312-6,105,5
981W8312-6,106,3
981W8312-6,107,4
981W8312-6,108,2
981W8312-6,109,1
981W8312-6,110,1
981W8312-6,111,1
981W8312-6,112,1
981W8312-6,113,3
981W8312-6,114,3
981W8312-6,115,3
981W8312-6,116,2
981W8312-6,117,1
981W8312-6,118,1
981W8312-6,119,3
981W8312-6,120,2
981W8312-6,121,2
981W8312-6,122,3
981W8312-6,123,1
981W8312-6,124,3
981W8312-6,125,5
981W8312-6,126,5
981W8312-6,127,3
981W8312-6,128,4
981W8312-6,129,1
981W8312-6,130,1
986K6442-6,100,3
986K6442-6,101,4
986K6442-6,102,5
986K6442-6,103,1
986K6442-6,104,1
986K6442-6,105,2
986K6442-6,106,3
986K6442-6,107,1
986K6442-6,108,5
986K6442-6,109,1
986K6442-6,110,1
986K6442-6,111,1
986K6442-6,112,4
986K6442-6,113,2
986K6442-6,114,2
986K6442-6,115,3
986K6442-6,116,5
986K6442-6,117,3
986K6442-6,118,4
986K6442-6,119,5
986K6442-6,120,4
986K6442-6,121,5
986K6442-6,122,5
986K6442-6,123,1
986K6442-6,124,1
986K6442-6,125,4
986K6442-6,126,5
986K6442-6,127,1
986K6442-6,128,2
986K6442-6,129,1
986K6442-6,130,1
991J3459-1,100,5
991J3459-1,101,4
991J3459-1,102,4
991J3459-1,103,3
991J3459-1,104,2
991J3459-1,105,5
991J3459-1,106,1
991J3459-1,107,1
991J3459-1,108,2
991J3459-1,109,5
991J3459-1,110,2
991J3459-1,111,1
991J3459-1,112,2
991J3459-1,113,3
991J3459-1,114,4
991J3459-1,115,3
991J3459-1,116,1
991J3459-1,117,2
991J3459-1,118,3
991J3459-1,119,4
991J3459-1,120,5
991J3459-1,121,4
991J3459-1,122,2
991J3459-1,123,4
991J3459-1,124,3
991J3459-1,125,5
991J3459-1,126,1
991J3459-1,127,5
991J3459-1,128,1
991J3459-1,129,5
991J3459-1,130,5
996J4125-9,100,5
996J4125-9,101,5
996J4125-9,102,5
996J4125-9,103,4
996J4125-9,104,1
996J4125-9,105,1
996J4125-9,106,4
996J4125-9,107,2
996J4125-9,108,4
996J4125-9,109,3
996J4125-9,110,1
996J4125-9,111,1
996J4125-9,112,2
996J4125-9,113,2
996J4125-9,114,4
996J4125-9,115,1
996J4125-9,116,3
996J4125-9,117,1
996J4125-9,118,5
996J4125-9,119,4
996J4125-9,120,5
996J4125-9,121,4
996J4125-9,122,5
996J4125-9,123,3
996J4125-9,124,1
996J4125-9,125,1
996J4125-9,126,5
996J4125-9,127,5
996J4125-9,128,4
996J4125-9,129,4
996J4125-9,130,4
998R8283-7,100,3
998R8283-7,101,5
998R8283-7,102,5
998R8283-7,103,3
998R8283-7,104,4
998R8283-7,105,1
998R8283-7,106,4
998R8283-7,107,5
998R8283-7,108,5
998R8283-7,109,5
998R8283-7,110,3
998R8283-7,111,2
998R8283-7,112,2
998R8283-7,113,3
998R8283-7,114,5
998R8283-7,115,5
998R8283-7,116,3
998R8283-7,117,5
998R8283-7,118,4
998R8283-7,119,4
998R8283-7,120,4
998R8283-7,121,5
998R8283-7,122,4
998R8283-7,123,3
998R8283-7,124,1
998R8283-7,125,1
998R8283-7,126,3
998R8283-7,127,3
998R8283-7,128,1
998R8283-7,129,5
998R8283-7,130,3
999I6798-12,100,3
999I6798-12,101,3
999I6798-12,102,2
999I6798-12,103,2
999I6798-12,104,3
999I6798-12,105,3
999I6798-12,106,3
999I6798-12,107,3
999I6798-12,108,2
999I6798-12,109,3
999I6798-12,110,5
999I6798-12,111,2
999I6798-12,112,1
999I6798-12,113,3
999I6798-12,114,5
999I6798-12,115,3
999I6798-12,116,4
999I6798-12,117,4
999I6798-12,118,1
999I6798-12,119,4
999I6798-12,120,1
999I6798-12,121,4
999I6798-12,122,1
999I6798-12,123,1
999I6798-12,124,1
999I6798-12,125,3
999I6798-12,126,4
999I6798-12,127,4
999I6798-12,128,3
999I6798-12,129,5
999I6798-12,130,4
